Workbook
Name MonthSlicer: #N/A
Name SupplierSlicer: #N/A

Sheet 2026 Metrics
A1: Admin Fee Cost Avoidance
A2: 309967.52 | E2: Percentage of Reduction/Increase | I2: #REF!
A4: Total Cost Savings | E4: Total Shipping Costs | I4: Total Inbound Shipments | M4: Cost Per Unit (CPU) | Q4: Cost Per Shipment
A5: 0 | E5: 939726.78 | I5: 819 | M5: 1.4847387 | Q5: 1147.4075
A7: Avg Cost Per Pallet | E7: Avg Cost Per Mile | I7: Total Cargo Value | M7: Cost as % of Cargo Value | Q7: Total Units Shipped
A8: 361.8509 | E8: 1.101924 | I8: 61993503 | M8: 0.015158472 | Q8: 632924
A13: VAR Total Cost Savings | E13: VAR Total Shipping Costs | I13: Total Inbound Shipments | M13: VAR Cost Per Unit (CPU) | Q13: Cost Per Shipment
A14: 0 | E14: 0 | I14: 819 | M14: 0 | Q14: #REF!
A16: VAR Avg Cost Per Pallet | E16: VAR Avg Cost Per Mile | I16: Total Cargo Value | M16: VAR Cost as % of Cargo Value
A17: 0 | E17: 0 | I17: 61993503 | M17: #REF!
E19: Percentage of Increase | I19: #REF!
F25: Vendor Managed Inbound to RAD | I25: GTL Managed Inbound to RAD
B26: Year | C26: Supplier | D26: Ship Volume | E26: Total Units | F26: Total Cost | G26: Average Cost / Shipment | H26: CPU | I26: Total Cost | J26: Average Cost / Shipment | K26: CPU | L26: Avg Cost Variance ($) | M26: Cost Variance (%) | N26: CPU Variance ($) | O26: CPU Variance (%)
B27: 2024 | C27: Denali (Parcel) | D27: 42357 | E27: 188232 | F27: 839515.74 | G27: 19.82 | H27: 4.46 | I27: 383330.85 | J27: 9.05 | K27: 2.04 | L27: -10.77 | M27: -0.5434 | N27: -2.42 | O27: -0.5434
C28: Scheider (Freight) | D28: 19 | E28: 2023 | F28: 46156.71 | G28: 2429.3 | H28: 22.82 | I28: 21613.23 | J28: 1137.54 | K28: 10.68 | L28: -1291.76 | M28: -0.5317 | N28: -12.13 | O28: -0.5317
C29: Total | D29: 42376 | E29: 190255 | F29: 885672.45 | G29: 20.9 | H29: 4.66 | I29: 404944.08 | J29: 9.56 | K29: 2.13 | L29: -11.34 | M29: -0.5428 | N29: -2.53 | O29: -0.5428
B30: 2025 | C30: DENALI | D30: 565 | E30: 618951 | F30: 1186703 | G30: 2100.3592 | H30: 1.917281 | I30: 774806.76 | J30: 1371.3394 | K30: 1.2518063 | L30: -729.01984 | M30: -0.34709293 | N30: -0.66547466 | O30: -0.34709293
C31: SCHNEIDER ELECTRIC | D31: 220 | E31: 2207 | F31: 190001.64 | G31: 863.64383 | H31: 86.090459 | I31: 88952.08 | J31: 404.32764 | K31: 40.304522 | L31: -459.31619 | M31: -0.53183521 | N31: -45.785937 | O31: -0.53183521
C33: Total | D33: 785 | E33: 621158 | F33: 1376704.6 | G33: 1753.7638 | H33: 2.2163517 | I33: 863758.84 | J33: 1100.3297 | K33: 1.3905622 | L33: -653.4341 | M33: -0.37258956 | N33: -0.82578953 | O33: -0.37258956

Sheet 2026 IB Shipments
A1: PROGRAM | B1: PROJECT TYPE | C1: ORIGIN WHID | D1: ORIGIN STATE | E1: DEST WHID | F1: DEST STATE / PROV | G1: BOL# | H1: NBD | I1: ESCALATED? | J1: PRO/TRACKING | K1: PICKUP DATE | L1: OT P/U? | M1: ETA DATE | N1: DLV DATE | O1: Total Transit Time (# of Days) | P1: OT Delv? | Q1: Issues? | S1: DLV MILES | T1: REF # | U1: PALLETS | V1: UNITS | W1: WGT (LBS | X1: MODE | Y1: CARRIER ACCOUNT | Z1: CARRIER | AA1: SERVICE LEVEL | AB1: SERVICE COST | AC1: QUOTED COST FROM SUPPLIER | AD1: COST SAVINGS | AE1: CARGO VALUE | AF1: Cost per Skid | AG1: Cost per Unit | AH1: Cost per Mile | AI1: Cost Center | AJ1: GL String / PO #
A2: Inbound | B2: Vendor to Site | C2: SCHNEIDER ELECTRIC | D2: PA | E2: TTN2 | F2: NJ | G2: RXO6225764 | H2: 46030 | I2: No | J2: 138875133 | K2: 46027 | L2: Yes | M2: 46045 | N2: 46045 | O2: =NETWORKDAYS.INTL(K2,N2,1,$AM$2:$AM$10)-1 -> 13 | P2: Yes | Q2: Yes | R2: Awaiting delivery appt; site contacted twice to make delivery appt. Delivery appt finally made on 1/22. | S2: 140 | T2: 2D-19833922 | U2: 1 | V2: 7 | W2: 579 | X2: LTL | Y2: RXO | Z2: XPO LOGISTICS | AA2: GROUND | AB2: 192.32 | AC2: =IF(C2="DENALI", AB2*0.495, IF(C2="SCHNEIDER ELECTRIC", AB2*1.136, IF(C2="WWT", AB2*1.2, AC2)))+AB2 -> 410.79552 | AD2: =AC2-AB2 -> 218.47552 | AE2: 3342.43 | AF2: =AB2/U2 -> 192.32 | AG2: =AB2/V2 -> 27.474286 | AH2: =AB2/S2 -> 1.3737143 | AI2: 1085 | AJ2: 2D-20454099 | AM2: 46023
A3: Inbound | B3: Vendor to Site | C3: SCHNEIDER ELECTRIC | D3: CA | E3: AUS3 | F3: TX | G3: RXO6227023 | H3: 46031 | I3: No | J3: 138875365 | K3: 46027 | L3: Yes | M3: 46030 | N3: 46030 | O3: =NETWORKDAYS.INTL(K3,N3,1,$AM$2:$AM$10)-1 -> 3 | P3: Yes | Q3: No | R3: N/A | S3: 1352 | T3: 2D-19819566 | U3: 1 | V3: 2 | W3: 339 | X3: LTL | Y3: RXO | Z3: XPO LOGISTICS | AA3: GROUND | AB3: 279.46 | AC3: =IF(C3="DENALI", AB3*0.495, IF(C3="SCHNEIDER ELECTRIC", AB3*1.136, IF(C3="WWT", AB3*1.2, AC3)))+AB3 -> 596.92656 | AD3: =AC3-AB3 -> 317.46656 | AE3: 7917.38 | AF3: =AB3/U3 -> 279.46 | AG3: =AB3/V3 -> 139.73 | AH3: =AB3/S3 -> 0.20670118 | AI3: 1290 | AJ3: 2D-18027285 | AM3: 46041
A4: Inbound | B4: Vendor to Site | C4: DENALI | D4: WA | E4: SEA109 | F4: WA | G4: RXO6254027 | H4: 46028 | I4: No | J4: 59738987359 | K4: 46028 | L4: Yes | M4: 46031 | N4: 46030 | O4: =NETWORKDAYS.INTL(K4,N4,1,$AM$2:$AM$10)-1 -> 2 | P4: Yes | Q4: No | R4: Driver told site doesn't receive freight; onsite POC provided correct dock and phone number for redelivery on 1/8 | S4: 29 | T4: 2D-19224048 | U4: 2 | V4: 72 | W4: 720 | X4: LTL | Y4: RXO | Z4: OLD DOMINION | AA4: GROUND | AB4: 664.23 | AC4: =IF(C4="DENALI", AB4*0.495, IF(C4="SCHNEIDER ELECTRIC", AB4*1.136, IF(C4="WWT", AB4*1.2, AC4)))+AB4 -> 993.02385 | AD4: =AC4-AB4 -> 328.79385 | AE4: 70359.12 | AF4: =AB4/U4 -> 332.115 | AG4: =AB4/V4 -> 9.2254167 | AH4: =AB4/S4 -> 22.904483 | AI4: 7812 | AJ4: 2D-20412467 | AM4: 46167
A5: Inbound | B5: Vendor to Site | C5: DENALI | D5: WA | E5: TPA8 | F5: FL | G5: 21029093 | H5: 46034 | I5: No | J5: RXONC20O05XEV56A26 | K5: 46029 | L5: Yes | M5: 46034 | N5: 46035 | O5: =NETWORKDAYS.INTL(K5,N5,1,$AM$2:$AM$10)-1 -> 4 | P5: Yes | Q5: No | R5: Driver had family emergency on 1/12; RXO found another driver to deliver on 1/13 | S5: 3097 | T5: 2D-19570095 | U5: 14 | V5: 14 | W5: 9940 | X5: FTL | Y5: RXO | Z5: YLD TRANSPORT INC | AA5: GROUND | AB5: 6901.19 | AC5: =IF(C5="DENALI", AB5*0.495, IF(C5="SCHNEIDER ELECTRIC", AB5*1.136, IF(C5="WWT", AB5*1.2, AC5)))+AB5 -> 10317.279 | AD5: =AC5-AB5 -> 3416.089 | AE5: 115387.44 | AF5: =AB5/U5 -> 492.94214 | AG5: =AB5/V5 -> 492.94214 | AH5: =AB5/S5 -> 2.2283468 | AI5: 1173 | AJ5: 2D-19973674 | AM5: 46206
A6: Inbound | B6: Vendor to Site | C6: SCHNEIDER ELECTRIC | D6: CA | E6: IAH5 | F6: TX | G6: RXO6266501 | H6: 46034 | I6: No | J6: 178325114 | K6: 46029 | L6: Yes | M6: 46034 | N6: 46034 | O6: =NETWORKDAYS.INTL(K6,N6,1,$AM$2:$AM$10)-1 -> 3 | P6: Yes | Q6: No | R6: N/A | S6: 1528 | T6: 2D-19878523 | U6: 1 | V6: 4 | W6: 348 | X6: LTL | Y6: RXO | Z6: XPO LOGISTICS | AA6: GROUND | AB6: 236.14 | AC6: =IF(C6="DENALI", AB6*0.495, IF(C6="SCHNEIDER ELECTRIC", AB6*1.136, IF(C6="WWT", AB6*1.2, AC6)))+AB6 -> 504.39504 | AD6: =AC6-AB6 -> 268.25504 | AE6: 1909.96 | AF6: =AB6/U6 -> 236.14 | AG6: =AB6/V6 -> 59.035 | AH6: =AB6/S6 -> 0.15454188 | AI6: 1173 | AJ6: 2D-18027278 | AM6: 46272
A7: Inbound | B7: Vendor to Site | C7: SCHNEIDER ELECTRIC | D7: CA | E7: AUS3 | F7: TX | G7: RXO6266361 | H7: 46034 | I7: No | J7: 178325125 | K7: 46029 | L7: Yes | M7: 46034 | N7: 46034 | O7: =NETWORKDAYS.INTL(K7,N7,1,$AM$2:$AM$10)-1 -> 3 | P7: Yes | Q7: No | R7: N/A | S7: 1352 | T7: 2D-19869169 | U7: 1 | V7: 8 | W7: 656 | X7: LTL | Y7: RXO | Z7: XPO LOGISTICS | AA7: GROUND | AB7: 279.46 | AC7: =IF(C7="DENALI", AB7*0.495, IF(C7="SCHNEIDER ELECTRIC", AB7*1.136, IF(C7="WWT", AB7*1.2, AC7)))+AB7 -> 596.92656 | AD7: =AC7-AB7 -> 317.46656 | AE7: 3819.92 | AF7: =AB7/U7 -> 279.46 | AG7: =AB7/V7 -> 34.9325 | AH7: =AB7/S7 -> 0.20670118 | AI7: 1290 | AJ7: 2D-18027285 | AM7: 46352
A8: Inbound | B8: Vendor to Site | C8: DENALI | D8: WA | E8: SJC8 | F8: CA | G8: 21041136 | H8: 46031 | I8: No | J8: RXONC20OTEC2TY7A26 | K8: 46029 | L8: Yes | M8: 46031 | N8: 46031 | O8: =NETWORKDAYS.INTL(K8,N8,1,$AM$2:$AM$10)-1 -> 2 | P8: Yes | Q8: No | R8: N/A | S8: 908 | T8: 2D-19276008 | U8: 12 | V8: 2073 | W8: 10200 | X8: FTL | Y8: RXO | Z8: G T LOGISTICS | AA8: GROUND | AB8: 1794 | AC8: =IF(C8="DENALI", AB8*0.495, IF(C8="SCHNEIDER ELECTRIC", AB8*1.136, IF(C8="WWT", AB8*1.2, AC8)))+AB8 -> 2682.03 | AD8: =AC8-AB8 -> 888.03 | AE8: 1121244.9 | AF8: =AB8/U8 -> 149.5 | AG8: =AB8/V8 -> 0.86541245 | AH8: =AB8/S8 -> 1.9757709 | AI8: 1290 | AJ8: 2D-19966575 | AM8: 46353
A9: Inbound | B9: Vendor to Site | C9: SCHNEIDER ELECTRIC | D9: PA | E9: OWD9 | F9: MA | G9: RXO6288660 | H9: 46034 | I9: No | J9: 138884045 | K9: 46031 | L9: Yes | M9: 46034 | N9: 46034 | O9: =NETWORKDAYS.INTL(K9,N9,1,$AM$2:$AM$10)-1 -> 1 | P9: Yes | Q9: No | R9: N/A | S9: 393 | T9: 2D-19916799 | U9: 1 | V9: 6 | W9: 464 | X9: LTL | Y9: RXO | Z9: XPO LOGISTICS | AA9: GROUND | AB9: 216.91 | AC9: =IF(C9="DENALI", AB9*0.495, IF(C9="SCHNEIDER ELECTRIC", AB9*1.136, IF(C9="WWT", AB9*1.2, AC9)))+AB9 -> 463.31976 | AD9: =AC9-AB9 -> 246.40976 | AE9: 2646.47 | AF9: =AB9/U9 -> 216.91 | AG9: =AB9/V9 -> 36.151667 | AH9: =AB9/S9 -> 0.55193384 | AI9: 1173 | AJ9: 2D-18027278 | AM9: 46380
A10: Inbound | B10: Vendor to Site | C10: SCHNEIDER ELECTRIC | D10: CA | E10: LGB3 | F10: CA | G10: RXO6299350 | H10: 46035 | I10: No | J10: 138886554 | K10: 46034 | L10: No | M10: 46036 | N10: 46036 | O10: =NETWORKDAYS.INTL(K10,N10,1,$AM$2:$AM$10)-1 -> 2 | P10: Yes | Q10: No | R10: Pickup originally scheduled for 1/9 | S10: 35 | T10: 2D-19920350 | U10: 1 | V10: 3 | W10: 271 | X10: LTL | Y10: RXO | Z10: XPO LOGISTICS | AA10: GROUND | AB10: 179.14 | AC10: =IF(C10="DENALI", AB10*0.495, IF(C10="SCHNEIDER ELECTRIC", AB10*1.136, IF(C10="WWT", AB10*1.2, AC10)))+AB10 -> 382.64304 | AD10: =AC10-AB10 -> 203.50304 | AE10: 1432.47 | AF10: =AB10/U10 -> 179.14 | AG10: =AB10/V10 -> 59.713333 | AH10: =AB10/S10 -> 5.1182857 | AI10: 1290 | AJ10: 2D-18027285 | AM10: 46381
A11: Inbound | B11: Vendor to RAD | C11: DENALI | D11: WA | E11: RAD1 | F11: TN | G11: RXO6343885 | H11: 46041 | I11: No | J11: 138892246 | K11: 46036 | L11: Yes | M11: 46043 | N11: 46043 | O11: =NETWORKDAYS.INTL(K11,N11,1,$AM$2:$AM$10)-1 -> 4 | P11: Yes | Q11: No | R11: Awaiting delivery appt; appt scheduled for 1/21 | S11: 2403 | T11: 2D-19010710 | U11: 2 | V11: 180 | W11: 720 | X11: LTL | Y11: RXO | Z11: XPO LOGISTICS | AA11: GROUND | AB11: 620.72 | AC11: =IF(C11="DENALI", AB11*0.495, IF(C11="SCHNEIDER ELECTRIC", AB11*1.136, IF(C11="WWT", AB11*1.2, AC11)))+AB11 -> 927.9764 | AD11: =AC11-AB11 -> 307.2564 | AE11: 15632.08 | AF11: =AB11/U11 -> 310.36 | AG11: =AB11/V11 -> 3.4484444 | AH11: =AB11/S11 -> 0.25831045 | AI11: 1060 | AJ11: 2D-20053262
A12: Inbound | B12: Vendor to Site | C12: SCHNEIDER ELECTRIC | D12: CA | E12: DPD4 | F12: OR | G12: RXO6371067 | H12: 46044 | I12: No | J12: 2938031892 | K12: 46038 | L12: Yes | M12: 46043 | N12: 46043 | O12: =NETWORKDAYS.INTL(K12,N12,1,$AM$2:$AM$10)-1 -> 2 | P12: Yes | Q12: No | R12: N/A | S12: 985 | T12: 2D-20005187 | U12: 1 | V12: 4 | W12: 195 | X12: LTL | Y12: RXO | Z12: ESTES EXPRESS LINES | AA12: GROUND | AB12: 280.22 | AC12: =IF(C12="DENALI", AB12*0.495, IF(C12="SCHNEIDER ELECTRIC", AB12*1.136, IF(C12="WWT", AB12*1.2, AC12)))+AB12 -> 598.54992 | AD12: =AC12-AB12 -> 318.32992 | AE12: 2169.88 | AF12: =AB12/U12 -> 280.22 | AG12: =AB12/V12 -> 70.055 | AH12: =AB12/S12 -> 0.28448731 | AI12: 1172 | AJ12: 2D-18027285
A13: Inbound | B13: Vendor to Site | C13: SCHNEIDER ELECTRIC | D13: CA | E13: STX4 | F13: TX | G13: RXO6371500 | H13: 46044 | I13: No | J13: 121495229100 | K13: 46038 | L13: Yes | M13: 46043 | N13: 46043 | O13: =NETWORKDAYS.INTL(K13,N13,1,$AM$2:$AM$10)-1 -> 2 | P13: Yes | Q13: No | R13: N/A | S13: 1535 | T13: 2D-20023807 | U13: 1 | V13: 5 | W13: 234 | X13: LTL | Y13: RXO | Z13: SAIA MOTOR FREIGHT LINES | AA13: GROUND | AB13: 383.12 | AC13: =IF(C13="DENALI", AB13*0.495, IF(C13="SCHNEIDER ELECTRIC", AB13*1.136, IF(C13="WWT", AB13*1.2, AC13)))+AB13 -> 818.34432 | AD13: =AC13-AB13 -> 435.22432 | AE13: 1414 | AF13: =AB13/U13 -> 383.12 | AG13: =AB13/V13 -> 76.624 | AH13: =AB13/S13 -> 0.24958958 | AI13: 1060 | AJ13: 2D-18027285
A14: Inbound | B14: Vendor to Site | C14: SCHNEIDER ELECTRIC | D14: CA | E14: DVL4 | F14: NV | G14: RXO6371780 | H14: 46044 | I14: No | J14: 138896601 | K14: 46038 | L14: Yes | M14: 46042 | N14: 46042 | O14: =NETWORKDAYS.INTL(K14,N14,1,$AM$2:$AM$10)-1 -> 1 | P14: Yes | Q14: No | R14: N/A | S14: 229 | T14: 2D-20035279 | U14: 1 | V14: 8 | W14: 349 | X14: LTL | Y14: RXO | Z14: XPO LOGISTICS | AA14: GROUND | AB14: 235.76 | AC14: =IF(C14="DENALI", AB14*0.495, IF(C14="SCHNEIDER ELECTRIC", AB14*1.136, IF(C14="WWT", AB14*1.2, AC14)))+AB14 -> 503.58336 | AD14: =AC14-AB14 -> 267.82336 | AE14: 2262.4 | AF14: =AB14/U14 -> 235.76 | AG14: =AB14/V14 -> 29.47 | AH14: =AB14/S14 -> 1.0295197 | AI14: 1172 | AJ14: 2D-18027285
A15: Inbound | B15: Vendor to Site | C15: SCHNEIDER ELECTRIC | D15: CA | E15: DLV7 | F15: NV | G15: RXO6372046 | H15: 46044 | I15: No | J15: 138896634 | K15: 46038 | L15: Yes | M15: 46042 | N15: 46042 | O15: =NETWORKDAYS.INTL(K15,N15,1,$AM$2:$AM$10)-1 -> 1 | P15: Yes | Q15: No | R15: N/A | S15: 243 | T15: 2D-20035280 | U15: 1 | V15: 6 | W15: 272 | X15: LTL | Y15: RXO | Z15: XPO LOGISTICS | AA15: GROUND | AB15: 235.76 | AC15: =IF(C15="DENALI", AB15*0.495, IF(C15="SCHNEIDER ELECTRIC", AB15*1.136, IF(C15="WWT", AB15*1.2, AC15)))+AB15 -> 503.58336 | AD15: =AC15-AB15 -> 267.82336 | AE15: 1696.8 | AF15: =AB15/U15 -> 235.76 | AG15: =AB15/V15 -> 39.293333 | AH15: =AB15/S15 -> 0.97020576 | AI15: 1172 | AJ15: 2D-18027285
A16: Inbound | B16: Vendor to Site | C16: SCHNEIDER ELECTRIC | D16: CA | E16: DLV2 | F16: NV | G16: RXO6372233 | H16: 46044 | I16: No | J16: 138896726 | K16: 46038 | L16: Yes | M16: 46042 | N16: 46042 | O16: =NETWORKDAYS.INTL(K16,N16,1,$AM$2:$AM$10)-1 -> 1 | P16: Yes | Q16: No | R16: N/A | S16: 247 | T16: 2D-20035262 | U16: 1 | V16: 10 | W16: 427 | X16: LTL | Y16: RXO | Z16: XPO LOGISTICS | AA16: GROUND | AB16: 235.76 | AC16: =IF(C16="DENALI", AB16*0.495, IF(C16="SCHNEIDER ELECTRIC", AB16*1.136, IF(C16="WWT", AB16*1.2, AC16)))+AB16 -> 503.58336 | AD16: =AC16-AB16 -> 267.82336 | AE16: 3347.34 | AF16: =AB16/U16 -> 235.76 | AG16: =AB16/V16 -> 23.576 | AH16: =AB16/S16 -> 0.95449393 | AI16: 1172 | AJ16: 2D-18027285
A17: Inbound | B17: Vendor to Site | C17: SCHNEIDER ELECTRIC | D17: CA | E17: HLV1 | F17: NV | G17: RXO6372682 | H17: 46044 | I17: No | J17: 138896811 | K17: 46042 | L17: Yes | M17: 46043 | N17: 46043 | O17: =NETWORKDAYS.INTL(K17,N17,1,$AM$2:$AM$10)-1 -> 1 | P17: Yes | Q17: No | R17: N/A | S17: 248 | T17: 2D-20035281 | U17: 1 | V17: 4 | W17: 195 | X17: LTL | Y17: RXO | Z17: XPO LOGISTICS | AA17: GROUND | AB17: 235.76 | AC17: =IF(C17="DENALI", AB17*0.495, IF(C17="SCHNEIDER ELECTRIC", AB17*1.136, IF(C17="WWT", AB17*1.2, AC17)))+AB17 -> 503.58336 | AD17: =AC17-AB17 -> 267.82336 | AE17: 1131.2 | AF17: =AB17/U17 -> 235.76 | AG17: =AB17/V17 -> 58.94 | AH17: =AB17/S17 -> 0.95064516 | AI17: 1067 | AJ17: 2D-18027285
A18: Inbound | B18: Vendor to RAD | C18: SCHNEIDER ELECTRIC | D18: PA | E18: RAD1 | F18: TN | G18: RXO6391057 | H18: 46048 | I18: No | J18: 138898841 | K18: 46042 | L18: Yes | M18: 46052 | N18: 46052 | O18: =NETWORKDAYS.INTL(K18,N18,1,$AM$2:$AM$10)-1 -> 8 | P18: No | Q18: Yes | R18: Carrier arrived after 4pm on 1/23, receive team not available to download. New appt scheduled for 1/30 at 12pm. | S18: 735 | T18: 2D-20004237 | U18: 3 | V18: 15 | W18: 1527 | X18: LTL | Y18: RXO | Z18: XPO LOGISTICS | AA18: GROUND | AB18: 719.02 | AC18: =IF(C18="DENALI", AB18*0.495, IF(C18="SCHNEIDER ELECTRIC", AB18*1.136, IF(C18="WWT", AB18*1.2, AC18)))+AB18 -> 1535.8267 | AD18: =AC18-AB18 -> 816.80672 | AE18: 37950 | AF18: =AB18/U18 -> 239.67333 | AG18: =AB18/V18 -> 47.934667 | AH18: =AB18/S18 -> 0.9782585 | AI18: 1084 | AJ18: 2D-18027278
A19: Inbound | B19: Vendor to RAD | C19: SCHNEIDER ELECTRIC | D19: PA | E19: RAD1 | F19: TN | G19: RXO6395594 | H19: 46048 | I19: No | J19: 0248881230 | K19: 46043 | L19: No | M19: 46049 | N19: 46058 | O19: =NETWORKDAYS.INTL(K19,N19,1,$AM$2:$AM$10)-1 -> 11 | P19: No | Q19: Yes | R19: Pickup originally scheduled for 1/20; delivery appt made for 1/28. Carrier did not show up. Delivery appt made for 2/3 | S19: 735 | T19: 2D-20032788 | U19: 1 | V19: 4 | W19: 438 | X19: LTL | Y19: RXO | Z19: ESTES EXPRESS LINES | AA19: GROUND | AB19: 213.85 | AC19: =IF(C19="DENALI", AB19*0.495, IF(C19="SCHNEIDER ELECTRIC", AB19*1.136, IF(C19="WWT", AB19*1.2, AC19)))+AB19 -> 456.7836 | AD19: =AC19-AB19 -> 242.9336 | AE19: 11670.82 | AF19: =AB19/U19 -> 213.85 | AG19: =AB19/V19 -> 53.4625 | AH19: =AB19/S19 -> 0.29095238 | AI19: 1084 | AJ19: 2D-18027278
A20: Inbound | B20: Vendor to Site | C20: SCHNEIDER ELECTRIC | D20: CA | E20: SLC1 | F20: UT | G20: RXO6397159 | H20: 46048 | I20: No | J20: 2930081672 | K20: 46042 | L20: Yes | M20: 46044 | N20: 46044 | O20: =NETWORKDAYS.INTL(K20,N20,1,$AM$2:$AM$10)-1 -> 2 | P20: Yes | Q20: No | R20: N/A | S20: 661 | T20: 2D-20048918 | U20: 1 | V20: 5 | W20: 425 | X20: LTL | Y20: RXO | Z20: ESTES EXPRESS LINES | AA20: GROUND | AB20: 247.9 | AC20: =IF(C20="DENALI", AB20*0.495, IF(C20="SCHNEIDER ELECTRIC", AB20*1.136, IF(C20="WWT", AB20*1.2, AC20)))+AB20 -> 529.5144 | AD20: =AC20-AB20 -> 281.6144 | AE20: 2387.45 | AF20: =AB20/U20 -> 247.9 | AG20: =AB20/V20 -> 49.58 | AH20: =AB20/S20 -> 0.37503782 | AI20: 1290 | AJ20: 2D-18027285
A21: Inbound | B21: Vendor to Site | C21: DENALI | D21: WA | E21: HOU6 | F21: TX | G21: RXO6396248 | H21: 46049 | I21: No | J21: 138899902 | K21: 46042 | L21: Yes | M21: 46051 | N21: 46051 | O21: =NETWORKDAYS.INTL(K21,N21,1,$AM$2:$AM$10)-1 -> 7 | P21: Yes | Q21: No | R21: N/A | S21: 2354 | T21: 2D-18704369 | U21: 1 | V21: 1 | W21: 348 | X21: LTL | Y21: RXO | Z21: XPO LOGISTICS | AA21: GROUND | AB21: 231.38 | AC21: =IF(C21="DENALI", AB21*0.495, IF(C21="SCHNEIDER ELECTRIC", AB21*1.136, IF(C21="WWT", AB21*1.2, AC21)))+AB21 -> 345.9131 | AD21: =AC21-AB21 -> 114.5331 | AE21: 2063.11 | AF21: =AB21/U21 -> 231.38 | AG21: =AB21/V21 -> 231.38 | AH21: =AB21/S21 -> 0.098292268 | AI21: 7812 | AJ21: 2D-18027285
A22: Inbound | B22: Vendor to RAD | C22: DENALI | D22: WA | E22: RAD1 | F22: TN | G22: RXO6396517 | H22: 46048 | I22: No | J22: 138899994 | K22: 46042 | L22: Yes | M22: 46059 | N22: 46059 | O22: =NETWORKDAYS.INTL(K22,N22,1,$AM$2:$AM$10)-1 -> 13 | P22: Yes | Q22: No | R22: Inclement weather near date of delivery; delivery appt scheduled for 2/6 | S22: 2403 | T22: 2D-20046415 | U22: 1 | V22: 1630 | W22: 670 | X22: LTL | Y22: RXO | Z22: XPO LOGISTICS | AA22: GROUND | AB22: 376.16 | AC22: =IF(C22="DENALI", AB22*0.495, IF(C22="SCHNEIDER ELECTRIC", AB22*1.136, IF(C22="WWT", AB22*1.2, AC22)))+AB22 -> 562.3592 | AD22: =AC22-AB22 -> 186.1992 | AE22: 116447.2 | AF22: =AB22/U22 -> 376.16 | AG22: =AB22/V22 -> 0.23077301 | AH22: =AB22/S22 -> 0.15653766 | AI22: 1172 | AJ22: 2D-18027278
A23: Inbound | B23: Vendor to Site | C23: DENALI | D23: WA | E23: SWA5 | F23: WA | G23: RXO6410867 | H23: 46048 | I23: No | J23: 2358063475 | K23: 46044 | L23: Yes | M23: 46045 | N23: 46045 | O23: =NETWORKDAYS.INTL(K23,N23,1,$AM$2:$AM$10)-1 -> 1 | P23: Yes | Q23: No | R23: N/A | S23: 37 | T23: 2D-19437804 | U23: 6 | V23: 154 | W23: 5100 | X23: LTL | Y23: RXO | Z23: ESTES EXPRESS LINES | AA23: GROUND | AB23: 443.12 | AC23: =IF(C23="DENALI", AB23*0.495, IF(C23="SCHNEIDER ELECTRIC", AB23*1.136, IF(C23="WWT", AB23*1.2, AC23)))+AB23 -> 662.4644 | AD23: =AC23-AB23 -> 219.3444 | AE23: 80615.34 | AF23: =AB23/U23 -> 73.853333 | AG23: =AB23/V23 -> 2.8774026 | AH23: =AB23/S23 -> 11.976216 | AI23: 1060 | AJ23: 2D-20127131
A24: Inbound | B24: Vendor to Site | C24: DENALI | D24: WA | E24: LUK2 | F24: OH | G24: 21166451 | H24: 46048 | I24: No | J24: RXONC20O3NUYRHLA26 | K24: 46044 | L24: Yes | M24: 46046 | N24: 46046 | O24: =NETWORKDAYS.INTL(K24,N24,1,$AM$2:$AM$10)-1 -> 1 | P24: Yes | Q24: No | R24: N/A | S24: 2352 | T24: 2D-18059221 2D-17905562 | U24: 14 | V24: 336 | W24: 12000 | X24: FTL | Y24: RXO | Z24: GROUND EXPRESS LLC | AA24: GROUND | AB24: 4877.46 | AC24: =IF(C24="DENALI", AB24*0.495, IF(C24="SCHNEIDER ELECTRIC", AB24*1.136, IF(C24="WWT", AB24*1.2, AC24)))+AB24 -> 7291.8027 | AD24: =AC24-AB24 -> 2414.3427 | AE24: 175329.42 | AF24: =AB24/U24 -> 348.39 | AG24: =AB24/V24 -> 14.51625 | AH24: =AB24/S24 -> 2.07375 | AI24: 1290 | AJ24: 2D-20129254
A25: Inbound | B25: Vendor to Site | C25: SCHNEIDER ELECTRIC | D25: PA | E25: RDU1 | F25: NC | G25: RXO6421540 | H25: 46049 | I25: No | J25: 138903575 | K25: 46045 | L25: Yes | M25: 46050 | N25: 46050 | O25: =NETWORKDAYS.INTL(K25,N25,1,$AM$2:$AM$10)-1 -> 3 | P25: Yes | Q25: No | R25: N/A | S25: 377 | T25: 2D-19648985 | U25: 1 | V25: 7 | W25: 579 | X25: LTL | Y25: RXO | Z25: XPO LOGISTICS | AA25: GROUND | AB25: 188.15 | AC25: =IF(C25="DENALI", AB25*0.495, IF(C25="SCHNEIDER ELECTRIC", AB25*1.136, IF(C25="WWT", AB25*1.2, AC25)))+AB25 -> 401.8884 | AD25: =AC25-AB25 -> 213.7384 | AE25: 3342.43 | AF25: =AB25/U25 -> 188.15 | AG25: =AB25/V25 -> 26.878571 | AH25: =AB25/S25 -> 0.49907162 | AI25: 1290 | AJ25: 2D-18027285
A26: Inbound | B26: Vendor to Site | C26: SCHNEIDER ELECTRIC | D26: PA | E26: MQJ2 | F26: IN | G26: RXO6421835 | H26: 46050 | I26: No | J26: 5055151547 | K26: 46045 | L26: Yes | M26: 46051 | N26: 46051 | O26: =NETWORKDAYS.INTL(K26,N26,1,$AM$2:$AM$10)-1 -> 4 | P26: Yes | Q26: No | R26: N/A | S26: 570 | T26: 2D-20063543 | U26: 1 | V26: 4 | W26: 639 | X26: LTL | Y26: RXO | Z26: PITT OHIO EXPRESS | AA26: GROUND | AB26: 148.91 | AC26: =IF(C26="DENALI", AB26*0.495, IF(C26="SCHNEIDER ELECTRIC", AB26*1.136, IF(C26="WWT", AB26*1.2, AC26)))+AB26 -> 318.07176 | AD26: =AC26-AB26 -> 169.16176 | AE26: 17418.24 | AF26: =AB26/U26 -> 148.91 | AG26: =AB26/V26 -> 37.2275 | AH26: =AB26/S26 -> 0.26124561 | AI26: 1085 | AJ26: 2D-18027278
A27: Inbound | B27: Vendor to RAD | C27: SCHNEIDER ELECTRIC | D27: PA | E27: RAD1 | F27: TN | G27: RXO6450759 | H27: 46052 | I27: No | J27: 0248881909 | K27: 46049 | L27: Yes | M27: 46056 | N27: 46056 | O27: =NETWORKDAYS.INTL(K27,N27,1,$AM$2:$AM$10)-1 -> 5 | P27: Yes | Q27: No | R27: Delivery appt scheduled for 2/3 | S27: 735 | T27: 2D-19972156 | U27: 1 | V27: 3 | W27: 366 | X27: LTL | Y27: RXO | Z27: ESTES EXPRESS LINES | AA27: GROUND | AB27: 214.8 | AC27: =IF(C27="DENALI", AB27*0.495, IF(C27="SCHNEIDER ELECTRIC", AB27*1.136, IF(C27="WWT", AB27*1.2, AC27)))+AB27 -> 458.8128 | AD27: =AC27-AB27 -> 244.0128 | AE27: 10438.64 | AF27: =AB27/U27 -> 214.8 | AG27: =AB27/V27 -> 71.6 | AH27: =AB27/S27 -> 0.2922449 | AI27: 1084 | AJ27: 2D-18027278
A28: Inbound | B28: Vendor to Site | C28: WWT | D28: IL | E28: MQJ9 | F28: IN | G28: RXO6467305 | H28: 46052 | I28: No | J28: 34198815 | K28: 46051 | L28: No | M28: 46052 | N28: 46052 | O28: =NETWORKDAYS.INTL(K28,N28,1,$AM$2:$AM$10)-1 -> 1 | P28: Yes | Q28: No | R28: Original pickup date on 1/28. Dock supervisor rejected truck but didn't realize he was already sent the BOL 3 hours prior. | S28: 275 | T28: 2D-19493807 | U28: 1 | V28: 75 | W28: 235 | X28: LTL | Y28: RXO | Z28: DAYTON FREIGHT LINES | AA28: GROUND | AB28: 144.66 | AC28: =IF(C28="DENALI", AB28*0.495, IF(C28="SCHNEIDER ELECTRIC", AB28*1.136, IF(C28="WWT", AB28*1.2, AC28)))+AB28 -> 318.252 | AD28: =AC28-AB28 -> 173.592 | AE28: 43839.75 | AF28: =AB28/U28 -> 144.66 | AG28: =AB28/V28 -> 1.9288 | AH28: =AB28/S28 -> 0.52603636 | AI28: 1173 | AJ28: 2D-20192827
A29: Inbound | B29: Vendor to RAD | C29: DENALI | D29: IN | E29: RAD1 | F29: TN | G29: RXO6461424 | H29: 46055 | I29: No | J29: 360097986 | K29: 46050 | L29: Yes | M29: 46059 | N29: 46059 | O29: =NETWORKDAYS.INTL(K29,N29,1,$AM$2:$AM$10)-1 -> 7 | P29: Yes | Q29: No | R29: Delivery appt scheduled for 2/2; rescheduled for 2/6 | S29: 441 | T29: 2D-19734426 | U29: 2 | V29: 2 | W29: 760 | X29: LTL | Y29: RXO | Z29: XPO LOGISTICS | AA29: GROUND | AB29: 395.44 | AC29: =IF(C29="DENALI", AB29*0.495, IF(C29="SCHNEIDER ELECTRIC", AB29*1.136, IF(C29="WWT", AB29*1.2, AC29)))+AB29 -> 591.1828 | AD29: =AC29-AB29 -> 195.7428 | AE29: 13567.3 | AF29: =AB29/U29 -> 197.72 | AG29: =AB29/V29 -> 197.72 | AH29: =AB29/S29 -> 0.89668934 | AI29: 1061 | AJ29: 2D-20184532
A30: Inbound | B30: Vendor to Site | C30: DENALI | D30: WA | E30: RIC6 | F30: VA | G30: 21514652 | H30: 46055 | I30: No | J30: RXONC20O11YRIYTA26 | K30: 46051 | L30: Yes | M30: 46056 | N30: 46056 | O30: =NETWORKDAYS.INTL(K30,N30,1,$AM$2:$AM$10)-1 -> 3 | P30: Yes | Q30: No | R30: N/A | S30: 2841 | T30: 2D-17506884 | U30: 2 | V30: 20 | W30: 535 | X30: FTL | Y30: RXO | Z30: BG 011 LLC | AA30: GROUND | AB30: 6500 | AC30: =IF(C30="DENALI", AB30*0.495, IF(C30="SCHNEIDER ELECTRIC", AB30*1.136, IF(C30="WWT", AB30*1.2, AC30)))+AB30 -> 9717.5 | AD30: =AC30-AB30 -> 3217.5 | AE30: 10729.49 | AF30: =AB30/U30 -> 3250 | AG30: =AB30/V30 -> 325 | AH30: =AB30/S30 -> 2.2879268 | AI30: 1290 | AJ30: 2D-20206125
A31: Inbound | B31: Vendor to Site | C31: DENALI | D31: WA | E31: SUT3 | F31: UT | G31: 21508418 | H31: 46055 | I31: No | J31: RXONC20ODCZZ2GSA26 | K31: 46051 | L31: Yes | M31: 46052 | N31: 46052 | O31: =NETWORKDAYS.INTL(K31,N31,1,$AM$2:$AM$10)-1 -> 1 | P31: Yes | Q31: No | R31: N/A | S31: 837 | T31: 2D-19401897 | U31: 10 | V31: 237 | W31: 8500 | X31: FTL | Y31: RXO | Z31: SHOD EXPRESS | AA31: GROUND | AB31: 1921.34 | AC31: =IF(C31="DENALI", AB31*0.495, IF(C31="SCHNEIDER ELECTRIC", AB31*1.136, IF(C31="WWT", AB31*1.2, AC31)))+AB31 -> 2872.4033 | AD31: =AC31-AB31 -> 951.0633 | AE31: 129164.97 | AF31: =AB31/U31 -> 192.134 | AG31: =AB31/V31 -> 8.1069198 | AH31: =AB31/S31 -> 2.2955078 | AI31: 1060 | AJ31: 2D-20198327
A32: Inbound | B32: Vendor to Site | C32: DENALI | D32: IN | E32: DGS3 | F32: SC | G32: RXO6474872 | H32: 46056 | I32: No | J32: 317980666 | K32: 46051 | L32: Yes | M32: 46056 | N32: 46056 | O32: =NETWORKDAYS.INTL(K32,N32,1,$AM$2:$AM$10)-1 -> 3 | P32: Yes | Q32: No | R32: N/A | S32: 640 | T32: 2D-19965883 | U32: 1 | V32: 20 | W32: 350 | X32: LTL | Y32: RXO | Z32: XPO LOGISTICS | AA32: GROUND | AB32: 414.39 | AC32: =IF(C32="DENALI", AB32*0.495, IF(C32="SCHNEIDER ELECTRIC", AB32*1.136, IF(C32="WWT", AB32*1.2, AC32)))+AB32 -> 619.51305 | AD32: =AC32-AB32 -> 205.12305 | AE32: 1855 | AF32: =AB32/U32 -> 414.39 | AG32: =AB32/V32 -> 20.7195 | AH32: =AB32/S32 -> 0.64748438 | AI32: 1172 | AJ32: 2D-20199408
A33: Inbound | B33: Vendor to Site | C33: DENALI | D33: IN | E33: PCW1 | F33: OH | G33: RXO6486130 | H33: 46055 | I33: No | J33: 5055152049 | K33: 46052 | L33: Yes | M33: 46055 | N33: 46055 | O33: =NETWORKDAYS.INTL(K33,N33,1,$AM$2:$AM$10)-1 -> 1 | P33: Yes | Q33: No | R33: N/A | S33: 92 | T33: 2D-20048465 | U33: 1 | V33: 6 | W33: 955 | X33: LTL | Y33: RXO | Z33: PITT OHIO EXPRESS | AA33: GROUND | AB33: 142.88 | AC33: =IF(C33="DENALI", AB33*0.495, IF(C33="SCHNEIDER ELECTRIC", AB33*1.136, IF(C33="WWT", AB33*1.2, AC33)))+AB33 -> 213.6056 | AD33: =AC33-AB33 -> 70.7256 | AE33: 2594.22 | AF33: =AB33/U33 -> 142.88 | AG33: =AB33/V33 -> 23.813333 | AH33: =AB33/S33 -> 1.5530435 | AI33: 1290 | AJ33: 2D-20213194
A34: Inbound | B34: Vendor to Site | C34: DENALI | D34: IN | E34: BDL2 | F34: CT | G34: RXO6494263 | H34: 46057 | I34: No | J34: 317980843 | K34: 46052 | L34: Yes | M34: 46056 | N34: 46056 | O34: =NETWORKDAYS.INTL(K34,N34,1,$AM$2:$AM$10)-1 -> 2 | P34: Yes | Q34: No | R34: Inclement weather near date of delivery | S34: 758 | T34: 2D-19503761 | U34: 1 | V34: 25 | W34: 230 | X34: LTL | Y34: RXO | Z34: XPO LOGISTICS | AA34: GROUND | AB34: 226.9 | AC34: =IF(C34="DENALI", AB34*0.495, IF(C34="SCHNEIDER ELECTRIC", AB34*1.136, IF(C34="WWT", AB34*1.2, AC34)))+AB34 -> 339.2155 | AD34: =AC34-AB34 -> 112.3155 | AE34: 8541.5 | AF34: =AB34/U34 -> 226.9 | AG34: =AB34/V34 -> 9.076 | AH34: =AB34/S34 -> 0.29934037 | AI34: 1290 | AJ34: 2D-20223002
A35: Inbound | B35: Vendor to Site | C35: DENALI | D35: IN | E35: HGR1 | F35: MI | G35: RXO6494400 | H35: 46057 | I35: No | J35: 317980832 | K35: 46052 | L35: Yes | M35: 46055 | N35: 46055 | O35: =NETWORKDAYS.INTL(K35,N35,1,$AM$2:$AM$10)-1 -> 1 | P35: Yes | Q35: No | R35: N/A | S35: 150 | T35: 2D-19682085 | U35: 1 | V35: 25 | W35: 230 | X35: LTL | Y35: RXO | Z35: XPO LOGISTICS | AA35: GROUND | AB35: 160.96 | AC35: =IF(C35="DENALI", AB35*0.495, IF(C35="SCHNEIDER ELECTRIC", AB35*1.136, IF(C35="WWT", AB35*1.2, AC35)))+AB35 -> 240.6352 | AD35: =AC35-AB35 -> 79.6752 | AE35: 8541.5 | AF35: =AB35/U35 -> 160.96 | AG35: =AB35/V35 -> 6.4384 | AH35: =AB35/S35 -> 1.0730667 | AI35: 1290 | AJ35: 27-20223093
A36: Inbound | B36: Vendor to Site | C36: DENALI | D36: IN | E36: AVP9 | F36: PA | G36: RXO6495495 | H36: 46057 | I36: No | J36: 5055151472 | K36: 46052 | L36: Yes | M36: 46055 | N36: 46055 | O36: =NETWORKDAYS.INTL(K36,N36,1,$AM$2:$AM$10)-1 -> 1 | P36: Yes | Q36: No | R36: N/A | S36: 571 | T36: 2D-19679160 | U36: 1 | V36: 1200 | W36: 370 | X36: LTL | Y36: RXO | Z36: PITT OHIO EXPRESS | AA36: GROUND | AB36: 381.77 | AC36: =IF(C36="DENALI", AB36*0.495, IF(C36="SCHNEIDER ELECTRIC", AB36*1.136, IF(C36="WWT", AB36*1.2, AC36)))+AB36 -> 570.74615 | AD36: =AC36-AB36 -> 188.97615 | AE36: 5352 | AF36: =AB36/U36 -> 381.77 | AG36: =AB36/V36 -> 0.31814167 | AH36: =AB36/S36 -> 0.66859895 | AI36: 1085 | AJ36: 2D-20223095
A37: Inbound | B37: Vendor to Site | C37: DENALI | D37: IN | E37: TOL3 | F37: OH | G37: RXO6491697 | H37: 46057 | I37: No | J37: 5055152179 | K37: 46052 | L37: Yes | M37: 46055 | N37: 46055 | O37: =NETWORKDAYS.INTL(K37,N37,1,$AM$2:$AM$10)-1 -> 1 | P37: Yes | Q37: No | R37: N/A | S37: 91 | T37: 2D-19239834 | U37: 1 | V37: 53 | W37: 180 | X37: LTL | Y37: RXO | Z37: PITT OHIO EXPRESS | AA37: GROUND | AB37: 142.88 | AC37: =IF(C37="DENALI", AB37*0.495, IF(C37="SCHNEIDER ELECTRIC", AB37*1.136, IF(C37="WWT", AB37*1.2, AC37)))+AB37 -> 213.6056 | AD37: =AC37-AB37 -> 70.7256 | AE37: 3849.92 | AF37: =AB37/U37 -> 142.88 | AG37: =AB37/V37 -> 2.6958491 | AH37: =AB37/S37 -> 1.5701099 | AI37: 1290 | AJ37: 2D-20215379
A38: Inbound | B38: Vendor to Site | C38: SCHNEIDER ELECTRIC | D38: CA | E38: CAZ5 | F38: CA | G38: RXO6485336 | H38: 46057 | I38: No | J38: 178932191 | K38: 46051 | L38: Yes | M38: 46055 | N38: 46055 | O38: =NETWORKDAYS.INTL(K38,N38,1,$AM$2:$AM$10)-1 -> 2 | P38: Yes | Q38: No | R38: N/A | S38: 47 | T38: 2D-20149971 | U38: 1 | V38: 4 | W38: 327 | X38: LTL | Y38: RXO | Z38: XPO LOGISTICS | AA38: GROUND | AB38: 179.14 | AC38: =IF(C38="DENALI", AB38*0.495, IF(C38="SCHNEIDER ELECTRIC", AB38*1.136, IF(C38="WWT", AB38*1.2, AC38)))+AB38 -> 382.64304 | AD38: =AC38-AB38 -> 203.50304 | AE38: 5617.48 | AF38: =AB38/U38 -> 179.14 | AG38: =AB38/V38 -> 44.785 | AH38: =AB38/S38 -> 3.8114894 | AI38: 1173 | AJ38: 2D-18027278
A39: Inbound | B39: Vendor to Site | C39: SCHNEIDER ELECTRIC | D39: CA | E39: DEN2 | F39: CO | G39: RXO6499620 | H39: 46058 | I39: No | J39: 138916013 | K39: 46052 | L39: Yes | M39: 46057 | N39: 46057 | O39: =NETWORKDAYS.INTL(K39,N39,1,$AM$2:$AM$10)-1 -> 3 | P39: Yes | Q39: No | R39: N/A | S39: 998 | T39: 2D-20181256 | U39: 1 | V39: 10 | W39: 427 | X39: LTL | Y39: RXO | Z39: XPO LOGISTICS | AA39: GROUND | AB39: 266.67 | AC39: =IF(C39="DENALI", AB39*0.495, IF(C39="SCHNEIDER ELECTRIC", AB39*1.136, IF(C39="WWT", AB39*1.2, AC39)))+AB39 -> 569.60712 | AD39: =AC39-AB39 -> 302.93712 | AE39: 5424.7 | AF39: =AB39/U39 -> 266.67 | AG39: =AB39/V39 -> 26.667 | AH39: =AB39/S39 -> 0.26720441 | AI39: 1290 | AJ39: 2D-18027285
A40: Inbound | B40: Vendor to Site | C40: DENALI | D40: WA | E40: RIC6 | F40: VA | G40: 21542751 | H40: 46059 | I40: No | J40: RXONC20OFSOFRJ2B26 | K40: 46055 | L40: Yes | M40: 46058 | N40: 46058 | O40: =NETWORKDAYS.INTL(K40,N40,1,$AM$2:$AM$10)-1 -> 3 | P40: Yes | Q40: No | R40: N/A | S40: 2841 | T40: 2D-17509383 | U40: 24 | V40: 24 | W40: 20400 | X40: FTL | Y40: RXO | Z40: VIS INC | AA40: GROUND | AB40: 7506 | AC40: =IF(C40="DENALI", AB40*0.495, IF(C40="SCHNEIDER ELECTRIC", AB40*1.136, IF(C40="WWT", AB40*1.2, AC40)))+AB40 -> 11221.47 | AD40: =AC40-AB40 -> 3715.47 | AE40: 300000 | AF40: =AB40/U40 -> 312.75 | AG40: =AB40/V40 -> 312.75 | AH40: =AB40/S40 -> 2.6420275 | AI40: 1290 | AJ40: 2D-20241620
A41: Inbound | B41: Vendor to Site | C41: DENALI | D41: WA | E41: RIC6 | F41: VA | G41: 21542792 | H41: 46059 | I41: No | J41: RXONC20OFM52E02B26 | K41: 46055 | L41: Yes | M41: 46058 | N41: 46058 | O41: =NETWORKDAYS.INTL(K41,N41,1,$AM$2:$AM$10)-1 -> 3 | P41: Yes | Q41: No | R41: N/A | S41: 2841 | T41: 2D-17509383 | U41: 15 | V41: 15 | W41: 12750 | X41: FTL | Y41: RXO | Z41: UNITED LANE LLC | AA41: GROUND | AB41: 7506 | AC41: =IF(C41="DENALI", AB41*0.495, IF(C41="SCHNEIDER ELECTRIC", AB41*1.136, IF(C41="WWT", AB41*1.2, AC41)))+AB41 -> 11221.47 | AD41: =AC41-AB41 -> 3715.47 | AE41: 183679.92 | AF41: =AB41/U41 -> 500.4 | AG41: =AB41/V41 -> 500.4 | AH41: =AB41/S41 -> 2.6420275 | AI41: 1290 | AJ41: 2D-20241620
A42: Inbound | B42: Vendor to Site | C42: DENALI | D42: WA | E42: MTN1 | F42: DE | G42: 21544682 | H42: 46063 | I42: No | J42: RXONC20OMQXX4L2B26 | K42: 46056 | L42: Yes | M42: 46059 | N42: 46059 | O42: =NETWORKDAYS.INTL(K42,N42,1,$AM$2:$AM$10)-1 -> 3 | P42: Yes | Q42: No | R42: N/A | S42: 2802 | T42: 2D-17905557 2D-18059220 | U42: 14 | V42: 14 | W42: 11190 | X42: FTL | Y42: RXO | Z42: CADENCE PREMIER CARGO | AA42: GROUND | AB42: 6728.89 | AC42: =IF(C42="DENALI", AB42*0.495, IF(C42="SCHNEIDER ELECTRIC", AB42*1.136, IF(C42="WWT", AB42*1.2, AC42)))+AB42 -> 10059.691 | AD42: =AC42-AB42 -> 3330.8005 | AE42: 175329.42 | AF42: =AB42/U42 -> 480.635 | AG42: =AB42/V42 -> 480.635 | AH42: =AB42/S42 -> 2.4014597 | AI42: 1290 | AJ42: 2D-20241623
A43: Inbound | B43: Vendor to RAD | C43: SCHNEIDER ELECTRIC | D43: PA | E43: RAD1 | F43: TN | G43: RXO6522224 | H43: 46062 | I43: No | J43: 138919222 | K43: 46057 | L43: Yes | M43: 46063 | N43: 46063 | O43: =NETWORKDAYS.INTL(K43,N43,1,$AM$2:$AM$10)-1 -> 4 | P43: Yes | Q43: No | R43: Delivery appt set for 2/10 | S43: 735 | T43: 2D-20183715 2D-20181430 2D-20212630 | U43: 2 | V43: 15 | W43: 1016 | X43: LTL | Y43: RXO | Z43: XPO LOGISTICS | AA43: GROUND | AB43: 297.08 | AC43: =IF(C43="DENALI", AB43*0.495, IF(C43="SCHNEIDER ELECTRIC", AB43*1.136, IF(C43="WWT", AB43*1.2, AC43)))+AB43 -> 634.56288 | AD43: =AC43-AB43 -> 337.48288 | AE43: 18981.65 | AF43: =AB43/U43 -> 148.54 | AG43: =AB43/V43 -> 19.805333 | AH43: =AB43/S43 -> 0.40419048 | AI43: 1084 | AJ43: 2D-18027278
A44: Inbound | B44: Vendor to Site | C44: DENALI | D44: WA | E44: LUK2 | F44: OH | G44: RXO6535880 | H44: 46062 | I44: No | J44: 138921322 | K44: 46057 | L44: Yes | M44: 46063 | N44: 46063 | O44: =NETWORKDAYS.INTL(K44,N44,1,$AM$2:$AM$10)-1 -> 4 | P44: Yes | Q44: No | R44: N/A | S44: 2352 | T44: 2D-20049875 | U44: 1 | V44: 588 | W44: 465 | X44: LTL | Y44: RXO | Z44: XPO LOGISTICS | AA44: GROUND | AB44: 250.97 | AC44: =IF(C44="DENALI", AB44*0.495, IF(C44="SCHNEIDER ELECTRIC", AB44*1.136, IF(C44="WWT", AB44*1.2, AC44)))+AB44 -> 375.20015 | AD44: =AC44-AB44 -> 124.23015 | AE44: 18982.65 | AF44: =AB44/U44 -> 250.97 | AG44: =AB44/V44 -> 0.42681973 | AH44: =AB44/S44 -> 0.10670493 | AI44: 1290 | AJ44: 2D-20269505
A45: Inbound | B45: Vendor to Site | C45: DENALI | D45: WA | E45: CAZ5 | F45: CA | G45: RXO6536077 | H45: 46059 | I45: No | J45: 138921381 | K45: 46057 | L45: Yes | M45: 46062 | N45: 46062 | O45: =NETWORKDAYS.INTL(K45,N45,1,$AM$2:$AM$10)-1 -> 3 | P45: Yes | Q45: No | R45: N/A | S45: 1179 | T45: 2D-20149973 | U45: 2 | V45: 4107 | W45: 1315 | X45: LTL | Y45: RXO | Z45: XPO LOGISTICS | AA45: GROUND | AB45: 478.32 | AC45: =IF(C45="DENALI", AB45*0.495, IF(C45="SCHNEIDER ELECTRIC", AB45*1.136, IF(C45="WWT", AB45*1.2, AC45)))+AB45 -> 715.0884 | AD45: =AC45-AB45 -> 236.7684 | AE45: 84936.87 | AF45: =AB45/U45 -> 239.16 | AG45: =AB45/V45 -> 0.11646457 | AH45: =AB45/S45 -> 0.40569975 | AI45: 1173 | AJ45: 2D-20268884
A46: Inbound | B46: Vendor to Site | C46: DENALI | D46: WA | E46: SEA109 | F46: WA | G46: 21586297 | H46: 46059 | I46: No | J46: RXONC20OORT1QD5B26 | K46: 46059 | L46: Yes | M46: 46062 | N46: 46062 | O46: =NETWORKDAYS.INTL(K46,N46,1,$AM$2:$AM$10)-1 -> 1 | P46: Yes | Q46: No | R46: Attempted delivery late 2/6 but dockclosed; delivering on 2/9. Carrier arrived and site said driver must offload. Site did not specify that requirement; increased cost. | S46: 23 | T46: 2D-19224048 | U46: 26 | V46: 26 | W46: 8320 | X46: FTL | Y46: RXO | Z46: WHITE HILL LLC | AA46: GROUND | AB46: 1890.11 | AC46: =IF(C46="DENALI", AB46*0.495, IF(C46="SCHNEIDER ELECTRIC", AB46*1.136, IF(C46="WWT", AB46*1.2, AC46)))+AB46 -> 2825.7144 | AD46: =AC46-AB46 -> 935.60445 | AE46: 53640.86 | AF46: =AB46/U46 -> 72.696538 | AG46: =AB46/V46 -> 72.696538 | AH46: =AB46/S46 -> 82.178696 | AI46: 7812 | AJ46: 2D-20288326
A47: Inbound | B47: Vendor to RAD | C47: SCHNEIDER ELECTRIC | D47: PA | E47: RAD1 | F47: TN | G47: 21595788 | H47: 46062 | I47: No | J47: RXONC20OB41ZPM6B26 | K47: 46062 | L47: Yes | M47: 46063 | N47: 46063 | O47: =NETWORKDAYS.INTL(K47,N47,1,$AM$2:$AM$10)-1 -> 1 | P47: Yes | Q47: No | R47: N/A | S47: 735 | T47: 2D-20210085 2D-20210089 | U47: 8 | V47: 26 | W47: 2536 | X47: FTL | Y47: RXO | Z47: OVERLOG INC | AA47: GROUND | AB47: 2391.86 | AC47: =IF(C47="DENALI", AB47*0.495, IF(C47="SCHNEIDER ELECTRIC", AB47*1.136, IF(C47="WWT", AB47*1.2, AC47)))+AB47 -> 5109.013 | AD47: =AC47-AB47 -> 2717.153 | AE47: 19922.94 | AF47: =AB47/U47 -> 298.9825 | AG47: =AB47/V47 -> 91.994615 | AH47: =AB47/S47 -> 3.2542313 | AI47: 1060 | AJ47: 2D-18027278
A48: Inbound | B48: Vendor to RAD | C48: SCHNEIDER ELECTRIC | D48: PA | E48: RAD1 | F48: TN | G48: RXO6585466 | H48: 46066 | I48: No | J48: 789772896 | K48: 46064 | L48: Yes | M48: 46070 | N48: 46070 | O48: =NETWORKDAYS.INTL(K48,N48,1,$AM$2:$AM$10)-1 -> 4 | P48: Yes | Q48: No | R48: N/A | S48: 735 | T48: 2D-20246922 | U48: 1 | V48: 10 | W48: 402 | X48: LTL | Y48: RXO | Z48: XPO LOGISTICS | AA48: GROUND | AB48: 224.47 | AC48: =IF(C48="DENALI", AB48*0.495, IF(C48="SCHNEIDER ELECTRIC", AB48*1.136, IF(C48="WWT", AB48*1.2, AC48)))+AB48 -> 479.46792 | AD48: =AC48-AB48 -> 254.99792 | AE48: 6658.65 | AF48: =AB48/U48 -> 224.47 | AG48: =AB48/V48 -> 22.447 | AH48: =AB48/S48 -> 0.30540136 | AI48: 1172 | AJ48: 2D-18027278
A49: Inbound | B49: Vendor to Site | C49: SCHNEIDER ELECTRIC | D49: PA | E49: MEM4 | F49: TN | G49: RXO6602696 | H49: 46069 | I49: No | J49: 789776363 | K49: 46064 | L49: Yes | M49: 46066 | N49: 46066 | O49: =NETWORKDAYS.INTL(K49,N49,1,$AM$2:$AM$10)-1 -> 2 | P49: Yes | Q49: No | R49: N/A | S49: 932 | T49: 2D-20264425 | U49: 1 | V49: 3 | W49: 490 | X49: LTL | Y49: RXO | Z49: XPO LOGISTICS | AA49: GROUND | AB49: 608.86 | AC49: =IF(C49="DENALI", AB49*0.495, IF(C49="SCHNEIDER ELECTRIC", AB49*1.136, IF(C49="WWT", AB49*1.2, AC49)))+AB49 -> 1300.525 | AD49: =AC49-AB49 -> 691.66496 | AE49: 13063.68 | AF49: =AB49/U49 -> 608.86 | AG49: =AB49/V49 -> 202.95333 | AH49: =AB49/S49 -> 0.65328326 | AI49: 1290 | AJ49: 2D-18027285
A50: Inbound | B50: Vendor to RAD | C50: DENALI | D50: IN | E50: RAD1 | F50: TN | G50: 21833642 | H50: 46069 | I50: No | J50: RXONC20OANA1RECB26 | K50: 46066 | L50: Yes | M50: 46069 | N50: 46069 | O50: =NETWORKDAYS.INTL(K50,N50,1,$AM$2:$AM$10)-1 -> 1 | P50: Yes | Q50: No | R50: N/A | S50: 441 | T50: 2D-20106529 2D-20106658 2D-20107015 2D-20110863 2D-19165914 2D-19913873 2D-19930951 2D-19914064 2D-19913702 2D-19913703 2D-19913853 | U50: 18 | V50: 1517 | W50: 8920 | X50: FTL | Y50: RXO | Z50: AGH TRANSPORT | AA50: GROUND | AB50: 2670.9 | AC50: =IF(C50="DENALI", AB50*0.495, IF(C50="SCHNEIDER ELECTRIC", AB50*1.136, IF(C50="WWT", AB50*1.2, AC50)))+AB50 -> 3992.9955 | AD50: =AC50-AB50 -> 1322.0955 | AE50: 658739.02 | AF50: =AB50/U50 -> 148.38333 | AG50: =AB50/V50 -> 1.760646 | AH50: =AB50/S50 -> 6.0564626 | AI50: 1084 | AJ50: 2D-20356082
A51: Inbound | B51: Vendor to Site | C51: DENALI | D51: IN | E51: DSX7 | F51: TX | G51: RXO6653461 | H51: 46076 | I51: No | J51: 121496309503 | K51: 46070 | L51: Yes | M51: 46073 | N51: 46073 | O51: =NETWORKDAYS.INTL(K51,N51,1,$AM$2:$AM$10)-1 -> 3 | P51: Yes | Q51: No | R51: N/A | S51: 1324 | T51: 2D-20131500 | U51: 3 | V51: 156 | W51: 2000 | X51: LTL | Y51: RXO | Z51: SAIA MOTOR FREIGHT LINE | AA51: GROUND | AB51: 756.66 | AC51: =IF(C51="DENALI", AB51*0.495, IF(C51="SCHNEIDER ELECTRIC", AB51*1.136, IF(C51="WWT", AB51*1.2, AC51)))+AB51 -> 1131.2067 | AD51: =AC51-AB51 -> 374.5467 | AE51: 67832.04 | AF51: =AB51/U51 -> 252.22 | AG51: =AB51/V51 -> 4.8503846 | AH51: =AB51/S51 -> 0.57149547 | AI51: 1060 | AJ51: 2D-20346741
A52: Inbound | B52: Vendor to Site | C52: DENALI | D52: IN | E52: DCA1 | F52: MD | G52: RXO6652954 | H52: 46076 | I52: No | J52: 5055151950 | K52: 46070 | L52: Yes | M52: 46072 | N52: 46072 | O52: =NETWORKDAYS.INTL(K52,N52,1,$AM$2:$AM$10)-1 -> 2 | P52: Yes | Q52: No | R52: N/A | S52: 566 | T52: 2D-19756506 | U52: 1 | V52: 20 | W52: 210 | X52: LTL | Y52: RXO | Z52: PITT OHIO EXPRESS | AA52: GROUND | AB52: 160.48 | AC52: =IF(C52="DENALI", AB52*0.495, IF(C52="SCHNEIDER ELECTRIC", AB52*1.136, IF(C52="WWT", AB52*1.2, AC52)))+AB52 -> 239.9176 | AD52: =AC52-AB52 -> 79.4376 | AE52: 6791.65 | AF52: =AB52/U52 -> 160.48 | AG52: =AB52/V52 -> 8.024 | AH52: =AB52/S52 -> 0.28353357 | AI52: 1290 | AJ52: 2D-20400650
A53: Inbound | B53: Vendor to Site | C53: DENALI | D53: IN | E53: LUK2 | F53: OH | G53: RXO6652136 | H53: 46076 | I53: No | J53: 5055151926 | K53: 46070 | L53: Yes | M53: 46071 | N53: 46071 | O53: =NETWORKDAYS.INTL(K53,N53,1,$AM$2:$AM$10)-1 -> 1 | P53: Yes | Q53: No | R53: N/A | S53: 194 | T53: 2D-19770683 | U53: 1 | V53: 20 | W53: 220 | X53: LTL | Y53: RXO | Z53: PITT OHIO EXPRESS | AA53: GROUND | AB53: 143.76 | AC53: =IF(C53="DENALI", AB53*0.495, IF(C53="SCHNEIDER ELECTRIC", AB53*1.136, IF(C53="WWT", AB53*1.2, AC53)))+AB53 -> 214.9212 | AD53: =AC53-AB53 -> 71.1612 | AE53: 6750.1 | AF53: =AB53/U53 -> 143.76 | AG53: =AB53/V53 -> 7.188 | AH53: =AB53/S53 -> 0.74103093 | AI53: 1290 | AJ53: 2D-20400650
A54: Inbound | B54: Vendor to Site | C54: DENALI | D54: IN | E54: HOU6 | F54: TX | G54: RXO6653851 | H54: 46076 | I54: No | J54: 121496307403 | K54: 46070 | L54: Yes | M54: 46073 | N54: 46073 | O54: =NETWORKDAYS.INTL(K54,N54,1,$AM$2:$AM$10)-1 -> 3 | P54: Yes | Q54: No | R54: N/A | S54: 1163 | T54: 2D-19813301 | U54: 1 | V54: 23 | W54: 230 | X54: LTL | Y54: RXO | Z54: SAIA MOTOR FREIGHT LINE | AA54: GROUND | AB54: 342.8 | AC54: =IF(C54="DENALI", AB54*0.495, IF(C54="SCHNEIDER ELECTRIC", AB54*1.136, IF(C54="WWT", AB54*1.2, AC54)))+AB54 -> 512.486 | AD54: =AC54-AB54 -> 169.686 | AE54: 7808.32 | AF54: =AB54/U54 -> 342.8 | AG54: =AB54/V54 -> 14.904348 | AH54: =AB54/S54 -> 0.29475494 | AI54: 1290 | AJ54: 2D-20400650
A55: Inbound | B55: Vendor to Site | C55: DENALI | D55: IN | E55: BNAX | F55: TN | G55: RXO6653984 | H55: 46076 | I55: No | J55: 121496321403 | K55: 46070 | L55: Yes | M55: 46072 | N55: 46072 | O55: =NETWORKDAYS.INTL(K55,N55,1,$AM$2:$AM$10)-1 -> 2 | P55: Yes | Q55: No | R55: N/A | S55: 415 | T55: 2D-19814511 | U55: 2 | V55: 63 | W55: 1315 | X55: LTL | Y55: RXO | Z55: SAIA MOTOR FREIGHT LINE | AA55: GROUND | AB55: 419.89 | AC55: =IF(C55="DENALI", AB55*0.495, IF(C55="SCHNEIDER ELECTRIC", AB55*1.136, IF(C55="WWT", AB55*1.2, AC55)))+AB55 -> 627.73555 | AD55: =AC55-AB55 -> 207.84555 | AE55: 26677.56 | AF55: =AB55/U55 -> 209.945 | AG55: =AB55/V55 -> 6.6649206 | AH55: =AB55/S55 -> 1.0117831 | AI55: 1290 | AJ55: 2D-20400650
A56: Inbound | B56: Vendor to Site | C56: DENALI | D56: IN | E56: FWA6 | F56: IN | G56: RXO6654240 | H56: 46076 | I56: No | J56: 5055151985 | K56: 46070 | L56: Yes | M56: 46071 | N56: 46071 | O56: =NETWORKDAYS.INTL(K56,N56,1,$AM$2:$AM$10)-1 -> 1 | P56: Yes | Q56: No | R56: N/A | S56: 122 | T56: 2D-19496350 | U56: 1 | V56: 90 | W56: 470 | X56: LTL | Y56: RXO | Z56: PITT OHIO EXPRESS | AA56: GROUND | AB56: 143.76 | AC56: =IF(C56="DENALI", AB56*0.495, IF(C56="SCHNEIDER ELECTRIC", AB56*1.136, IF(C56="WWT", AB56*1.2, AC56)))+AB56 -> 214.9212 | AD56: =AC56-AB56 -> 71.1612 | AE56: 54381.4 | AF56: =AB56/U56 -> 143.76 | AG56: =AB56/V56 -> 1.5973333 | AH56: =AB56/S56 -> 1.1783607 | AI56: 1290 | AJ56: 2D-20400650
A57: Inbound | B57: Vendor to Site | C57: DENALI | D57: IN | E57: ROC1 | F57: NY | G57: RXO6654380 | H57: 46076 | I57: No | J57: 789783680 | K57: 46070 | L57: Yes | M57: 46073 | N57: 46073 | O57: =NETWORKDAYS.INTL(K57,N57,1,$AM$2:$AM$10)-1 -> 3 | P57: Yes | Q57: No | R57: N/A | S57: 459 | T57: 2D-19496349 | U57: 1 | V57: 90 | W57: 460 | X57: LTL | Y57: RXO | Z57: XPO LOGISTICS | AA57: GROUND | AB57: 172.61 | AC57: =IF(C57="DENALI", AB57*0.495, IF(C57="SCHNEIDER ELECTRIC", AB57*1.136, IF(C57="WWT", AB57*1.2, AC57)))+AB57 -> 258.05195 | AD57: =AC57-AB57 -> 85.44195 | AE57: 54382.4 | AF57: =AB57/U57 -> 172.61 | AG57: =AB57/V57 -> 1.9178889 | AH57: =AB57/S57 -> 0.37605664 | AI57: 1290 | AJ57: 2D-20400650
A58: Inbound | B58: Vendor to Site | C58: DENALI | D58: IN | E58: AGS1 | F58: GA | G58: RXO6654473 | H58: 46076 | I58: No | J58: 789783702 | K58: 46070 | L58: Yes | M58: 46073 | N58: 46073 | O58: =NETWORKDAYS.INTL(K58,N58,1,$AM$2:$AM$10)-1 -> 3 | P58: Yes | Q58: No | R58: N/A | S58: 735 | T58: 2D-19496351 | U58: 1 | V58: 90 | W58: 470 | X58: LTL | Y58: RXO | Z58: XPO LOGISTICS | AA58: GROUND | AB58: 249.44 | AC58: =IF(C58="DENALI", AB58*0.495, IF(C58="SCHNEIDER ELECTRIC", AB58*1.136, IF(C58="WWT", AB58*1.2, AC58)))+AB58 -> 372.9128 | AD58: =AC58-AB58 -> 123.4728 | AE58: 54383.4 | AF58: =AB58/U58 -> 249.44 | AG58: =AB58/V58 -> 2.7715556 | AH58: =AB58/S58 -> 0.33937415 | AI58: 1290 | AJ58: 2D-20400650
A59: Inbound | B59: Vendor to Site | C59: DENALI | D59: IN | E59: WIO4 | F59: IA | G59: RXO6654582 | H59: 46076 | I59: No | J59: 00034198959 | K59: 46070 | L59: Yes | M59: 46071 | N59: 46071 | O59: =NETWORKDAYS.INTL(K59,N59,1,$AM$2:$AM$10)-1 -> 1 | P59: Yes | Q59: No | R59: N/A | S59: 321 | T59: 2D-20235384 | U59: 1 | V59: 5 | W59: 315 | X59: LTL | Y59: RXO | Z59: DAYTON FREIGHT LINES | AA59: GROUND | AB59: 165.4 | AC59: =IF(C59="DENALI", AB59*0.495, IF(C59="SCHNEIDER ELECTRIC", AB59*1.136, IF(C59="WWT", AB59*1.2, AC59)))+AB59 -> 247.273 | AD59: =AC59-AB59 -> 81.873 | AE59: 6348.95 | AF59: =AB59/U59 -> 165.4 | AG59: =AB59/V59 -> 33.08 | AH59: =AB59/S59 -> 0.5152648 | AI59: 1084 | AJ59: 2D-20363384
A60: Inbound | B60: Vendor to Site | C60: DENALI | D60: IN | E60: RYY2 | F60: GA | G60: RXO6654664 | H60: 46076 | I60: No | J60: 789783772 | K60: 46070 | L60: Yes | M60: 46072 | N60: 46072 | O60: =NETWORKDAYS.INTL(K60,N60,1,$AM$2:$AM$10)-1 -> 2 | P60: Yes | Q60: No | R60: N/A | S60: 688 | T60: 2D-19868118 | U60: 1 | V60: 20 | W60: 675 | X60: LTL | Y60: RXO | Z60: XPO LOGISTICS | AA60: GROUND | AB60: 238.32 | AC60: =IF(C60="DENALI", AB60*0.495, IF(C60="SCHNEIDER ELECTRIC", AB60*1.136, IF(C60="WWT", AB60*1.2, AC60)))+AB60 -> 356.2884 | AD60: =AC60-AB60 -> 117.9684 | AE60: 21189 | AF60: =AB60/U60 -> 238.32 | AG60: =AB60/V60 -> 11.916 | AH60: =AB60/S60 -> 0.34639535 | AI60: 1290 | AJ60: 2D-20400650
A61: Inbound | B61: Vendor to Site | C61: DENALI | D61: IN | E61: ATL2 | F61: GA | G61: RXO6654888 | H61: 46076 | I61: No | J61: 789783816 | K61: 46070 | L61: Yes | M61: 46072 | N61: 46072 | O61: =NETWORKDAYS.INTL(K61,N61,1,$AM$2:$AM$10)-1 -> 2 | P61: Yes | Q61: No | R61: N/A | S61: 688 | T61: 2D-20200709 2D-20200706 | U61: 2 | V61: 26 | W61: 615 | X61: LTL | Y61: RXO | Z61: XPO LOGISTICS | AA61: GROUND | AB61: 221.6 | AC61: =IF(C61="DENALI", AB61*0.495, IF(C61="SCHNEIDER ELECTRIC", AB61*1.136, IF(C61="WWT", AB61*1.2, AC61)))+AB61 -> 331.292 | AD61: =AC61-AB61 -> 109.692 | AE61: 14549.94 | AF61: =AB61/U61 -> 110.8 | AG61: =AB61/V61 -> 8.5230769 | AH61: =AB61/S61 -> 0.32209302 | AI61: 1290 | AJ61: 2D-20400650
A62: Inbound | B62: Vendor to RAD | C62: DENALI | D62: IN | E62: RAD1 | F62: TN | G62: RXO6654799 | H62: 46076 | I62: No | J62: 00034198962 | K62: 46070 | L62: Yes | M62: 46073 | N62: 46073 | O62: =NETWORKDAYS.INTL(K62,N62,1,$AM$2:$AM$10)-1 -> 3 | P62: Yes | Q62: No | R62: N/A | S62: 441 | T62: 2D-19858736 2D-20153323 | U62: 3 | V62: 142 | W62: 1485 | X62: LTL | Y62: RXO | Z62: DAYTON FREIGHT LINES | AA62: GROUND | AB62: 428.71 | AC62: =IF(C62="DENALI", AB62*0.495, IF(C62="SCHNEIDER ELECTRIC", AB62*1.136, IF(C62="WWT", AB62*1.2, AC62)))+AB62 -> 640.92145 | AD62: =AC62-AB62 -> 212.21145 | AE62: 65024.56 | AF62: =AB62/U62 -> 142.90333 | AG62: =AB62/V62 -> 3.0190845 | AH62: =AB62/S62 -> 0.97213152 | AI62: 1172 | AJ62: 2D-18027278
... A66: Inbound | B66: Vendor to Site | C66: DENALI | D66: IN | E66: SCF2 | F66: FL | G66: RXO6655740 | H66: 46076 | I66: No | J66: 317999161 | K66: 46070 | L66: Yes | M66: 46073 | N66: 46073 | O66: =NETWORKDAYS.INTL(K66,N66,1,$AM$2:$AM$10)-1 -> 3 | P66: Yes | Q66: No | R66: N/A | S66: 1037 | T66: 2D-20139809 | U66: 1 | V66: 120 | W66: 565 | X66: LTL | Y66: RXO | Z66: XPO LOGISTICS | AA66: GROUND | AB66: 336.99 | AC66: =IF(C66="DENALI", AB66*0.495, IF(C66="SCHNEIDER ELECTRIC", AB66*1.136, IF(C66="WWT", AB66*1.2, AC66)))+AB66 -> 503.80005 | AD66: =AC66-AB66 -> 166.81005 | AE66: 13413.73 | AF66: =AB66/U66 -> 336.99 | AG66: =AB66/V66 -> 2.80825 | AH66: =AB66/S66 -> 0.32496625 | AI66: 1060 | AJ66: 2D-20346741
A67: Inbound | B67: Vendor to RAD | C67: DENALI | D67: IN | E67: RAD1 | F67: TN | G67: 22271069 | H67: 46072 | I67: No | J67: 22271069 | K67: 46071 | L67: Yes | M67: 46072 | N67: 46072 | O67: =NETWORKDAYS.INTL(K67,N67,1,$AM$2:$AM$10)-1 -> 1 | P67: Yes | Q67: No | R67: N/A | S67: 439 | T67: 2D-19734431 | U67: 20 | V67: 20 | W67: 7400 | X67: FTL | Y67: RXO | Z67: DELTA FREIGHT SYSTEMS | AA67: GROUND | AB67: 2670.9 | AC67: =IF(C67="DENALI", AB67*0.495, IF(C67="SCHNEIDER ELECTRIC", AB67*1.136, IF(C67="WWT", AB67*1.2, AC67)))+AB67 -> 3992.9955 | AD67: =AC67-AB67 -> 1322.0955 | AE67: 135673 | AF67: =AB67/U67 -> 133.545 | AG67: =AB67/V67 -> 133.545 | AH67: =AB67/S67 -> 6.0840547 | AI67: 1172 | AJ67: 2D-18027278
A68: Inbound | B68: Vendor to RAD | C68: DENALI | D68: IN | E68: RAD1 | F68: TN | G68: 22270950 | H68: 46072 | I68: No | J68: 22270950 | K68: 46071 | L68: Yes | M68: 46072 | N68: 46072 | O68: =NETWORKDAYS.INTL(K68,N68,1,$AM$2:$AM$10)-1 -> 1 | P68: Yes | Q68: No | R68: N/A | S68: 439 | T68: 2D-19734431 | U68: 20 | V68: 20 | W68: 7400 | X68: FTL | Y68: RXO | Z68: VIPER FREIGHT | AA68: GROUND | AB68: 2670.9 | AC68: =IF(C68="DENALI", AB68*0.495, IF(C68="SCHNEIDER ELECTRIC", AB68*1.136, IF(C68="WWT", AB68*1.2, AC68)))+AB68 -> 3992.9955 | AD68: =AC68-AB68 -> 1322.0955 | AE68: 135674 | AF68: =AB68/U68 -> 133.545 | AG68: =AB68/V68 -> 133.545 | AH68: =AB68/S68 -> 6.0840547 | AI68: 1172 | AJ68: 2D-18027278
A69: Inbound | B69: Vendor to Site | C69: DENALI | D69: IN | E69: IAG1 | F69: NY | G69: 22288312 | H69: 46074 | I69: No | J69: 22288312 | K69: 46076 | L69: Yes | M69: 46077 | N69: 46077 | O69: =NETWORKDAYS.INTL(K69,N69,1,$AM$2:$AM$10)-1 -> 1 | P69: Yes | Q69: No | R69: N/A | S69: 413 | T69: 2D-20049267 | U69: 14 | V69: 779 | W69: 9340 | X69: FTL | Y69: RXO | Z69: ARIES FREIGHT GROUP | AA69: GROUND | AB69: 3132.41 | AC69: =IF(C69="DENALI", AB69*0.495, IF(C69="SCHNEIDER ELECTRIC", AB69*1.136, IF(C69="WWT", AB69*1.2, AC69)))+AB69 -> 4682.9529 | AD69: =AC69-AB69 -> 1550.543 | AE69: 355308.85 | AF69: =AB69/U69 -> 223.74357 | AG69: =AB69/V69 -> 4.0210655 | AH69: =AB69/S69 -> 7.5845278 | AI69: 1290 | AJ69: 2D-20400650
A70: Inbound | B70: Vendor to RAD | C70: DENALI | D70: IN | E70: RAD13 | F70: CA | G70: RXO6681658 | H70: 46076 | I70: No | J70: 789787924 | K70: 46073 | L70: Yes | M70: 46079 | N70: 46079 | O70: =NETWORKDAYS.INTL(K70,N70,1,$AM$2:$AM$10)-1 -> 4 | P70: Yes | Q70: No | R70: N/A | S70: 2257 | T70: 2D-19794540 | U70: 1 | V70: 64 | W70: 310 | X70: LTL | Y70: RXO | Z70: XPO LOGISTICS | AA70: GROUND | AB70: 279.47 | AC70: =IF(C70="DENALI", AB70*0.495, IF(C70="SCHNEIDER ELECTRIC", AB70*1.136, IF(C70="WWT", AB70*1.2, AC70)))+AB70 -> 417.80765 | AD70: =AC70-AB70 -> 138.33765 | AE70: 12907.4 | AF70: =AB70/U70 -> 279.47 | AG70: =AB70/V70 -> 4.3667188 | AH70: =AB70/S70 -> 0.12382366 | AI70: 1060 | AJ70: 2D-20346741
A71: Inbound | B71: Vendor to Site | C71: DENALI | D71: WA | E71: PSP3 | F71: CA | G71: RXO6682264 | H71: 46076 | I71: No | J71: 6188139090 | K71: 46073 | L71: Yes | M71: 46077 | N71: 46077 | O71: =NETWORKDAYS.INTL(K71,N71,1,$AM$2:$AM$10)-1 -> 2 | P71: Yes | Q71: No | R71: N/A | S71: 1208 | T71: 2D-20272961 | U71: 1 | V71: 2 | W71: 110 | X71: LTL | Y71: RXO | Z71: FEDEX FREIGHT | AA71: GROUND | AB71: 246.15 | AC71: =IF(C71="DENALI", AB71*0.495, IF(C71="SCHNEIDER ELECTRIC", AB71*1.136, IF(C71="WWT", AB71*1.2, AC71)))+AB71 -> 367.99425 | AD71: =AC71-AB71 -> 121.84425 | AE71: 755.7 | AF71: =AB71/U71 -> 246.15 | AG71: =AB71/V71 -> 123.075 | AH71: =AB71/S71 -> 0.20376656 | AI71: 1391 | AJ71: 2D-20400650
A72: Inbound | B72: Vendor to RAD | C72: SCHNEIDER ELECTRIC | D72: PA | E72: RAD1 | F72: TN | G72: RXO6684938 | H72: 46077 | I72: No | J72: 789788414 | K72: 46076 | L72: Yes | M72: 46079 | N72: 46079 | O72: =NETWORKDAYS.INTL(K72,N72,1,$AM$2:$AM$10)-1 -> 3 | P72: Yes | Q72: No | R72: N/A | S72: 728 | T72: 2D-20328127 2D-20328227 2D-20327978 2D-20329429 | U72: 3 | V72: 29 | W72: 1802 | X72: LTL | Y72: RXO | Z72: XPO LOGISTICS | AA72: GROUND | AB72: 420.77 | AC72: =IF(C72="DENALI", AB72*0.495, IF(C72="SCHNEIDER ELECTRIC", AB72*1.136, IF(C72="WWT", AB72*1.2, AC72)))+AB72 -> 898.76472 | AD72: =AC72-AB72 -> 477.99472 | AE72: 37601.12 | AF72: =AB72/U72 -> 140.25667 | AG72: =AB72/V72 -> 14.50931 | AH72: =AB72/S72 -> 0.57798077 | AI72: 1172 | AJ72: 2D-18027278
A73: Inbound | B73: Vendor to Site | C73: SCHNEIDER ELECTRIC | D73: CA | E73: WTX5 | F73: TX | G73: RXO6685068 | H73: 46077 | I73: No | J73: 121496473303 | K73: 46073 | L73: Yes | M73: 46077 | N73: 46077 | O73: =NETWORKDAYS.INTL(K73,N73,1,$AM$2:$AM$10)-1 -> 2 | P73: Yes | Q73: No | R73: N/A | S73: 1320 | T73: 2D-20378595 | U73: 1 | V73: 4 | W73: 195 | X73: LTL | Y73: RXO | Z73: SAIA MOTOR FREIGHT LINE | AA73: GROUND | AB73: 346.45 | AC73: =IF(C73="DENALI", AB73*0.495, IF(C73="SCHNEIDER ELECTRIC", AB73*1.136, IF(C73="WWT", AB73*1.2, AC73)))+AB73 -> 740.0172 | AD73: =AC73-AB73 -> 393.5672 | AE73: 1131.2 | AF73: =AB73/U73 -> 346.45 | AG73: =AB73/V73 -> 86.6125 | AH73: =AB73/S73 -> 0.26246212 | AI73: 1061 | AJ73: 2D-18027278
A74: Inbound | B74: Vendor to Site | C74: DENALI | D74: IN | E74: BOS38 | F74: MA | G74: RXO6692456 | H74: 46078 | I74: No | J74: 121496522303 | K74: 46073 | L74: Yes | M74: 46080 | N74: 46080 | O74: =NETWORKDAYS.INTL(K74,N74,1,$AM$2:$AM$10)-1 -> 5 | P74: Yes | Q74: No | R74: N/A | S74: 772 | T74: 2D-20034603 | U74: 1 | V74: 32 | W74: 435 | X74: LTL | Y74: RXO | Z74: SAIA MOTOR FREIGHT LINE | AA74: GROUND | AB74: 363.04 | AC74: =IF(C74="DENALI", AB74*0.495, IF(C74="SCHNEIDER ELECTRIC", AB74*1.136, IF(C74="WWT", AB74*1.2, AC74)))+AB74 -> 542.7448 | AD74: =AC74-AB74 -> 179.7048 | AE74: 35453.45 | AF74: =AB74/U74 -> 363.04 | AG74: =AB74/V74 -> 11.345 | AH74: =AB74/S74 -> 0.47025907 | AI74: 5776 | AJ74: 2D-20400650
A75: Inbound | B75: Vendor to Site | C75: SCHNEIDER ELECTRIC | D75: CA | E75: HOU2 | F75: TX | G75: RXO6695723 | H75: 46078 | I75: No | J75: 789790105 | K75: 46073 | L75: Yes | M75: 46078 | N75: 46078 | O75: =NETWORKDAYS.INTL(K75,N75,1,$AM$2:$AM$10)-1 -> 3 | P75: Yes | Q75: No | R75: N/A | S75: 1528 | T75: 2D-20395158 | U75: 1 | V75: 2 | W75: 216 | X75: LTL | Y75: RXO | Z75: XPO LOGISTICS | AA75: GROUND | AB75: 237.27 | AC75: =IF(C75="DENALI", AB75*0.495, IF(C75="SCHNEIDER ELECTRIC", AB75*1.136, IF(C75="WWT", AB75*1.2, AC75)))+AB75 -> 506.80872 | AD75: =AC75-AB75 -> 269.53872 | AE75: 6084.08 | AF75: =AB75/U75 -> 237.27 | AG75: =AB75/V75 -> 118.635 | AH75: =AB75/S75 -> 0.15528141 | AI75: 1290 | AJ75: 2D-18027285
A76: Inbound | B76: Vendor to Site | C76: DENALI | D76: IN | E76: ACY5 | F76: NJ | G76: RXO6714550 | H76: 46079 | I76: No | J76: 5055152223 | K76: 46077 | L76: Yes | M76: 46080 | N76: 46080 | O76: =NETWORKDAYS.INTL(K76,N76,1,$AM$2:$AM$10)-1 -> 3 | P76: Yes | Q76: No | R76: N/A | S76: 619 | T76: 2D-19944185 | U76: 1 | V76: 3 | W76: 355 | X76: LTL | Y76: RXO | Z76: PITT OHIO EXPRESS | AA76: GROUND | AB76: 168.76 | AC76: =IF(C76="DENALI", AB76*0.495, IF(C76="SCHNEIDER ELECTRIC", AB76*1.136, IF(C76="WWT", AB76*1.2, AC76)))+AB76 -> 252.2962 | AD76: =AC76-AB76 -> 83.5362 | AE76: 3105.42 | AF76: =AB76/U76 -> 168.76 | AG76: =AB76/V76 -> 56.253333 | AH76: =AB76/S76 -> 0.27263328 | AI76: 1172 | AJ76: 2D-20454099
A77: Inbound | B77: Vendor to Site | C77: DENALI | D77: IN | E77: DDP3 | F77: PA | G77: RXO6714828 | H77: 46079 | I77: No | J77: 5055151337 | K77: 46077 | L77: Yes | M77: 46079 | N77: 46079 | O77: =NETWORKDAYS.INTL(K77,N77,1,$AM$2:$AM$10)-1 -> 2 | P77: Yes | Q77: No | R77: N/A | S77: 624 | T77: 2D-19944187 | U77: 1 | V77: 6 | W77: 700 | X77: LTL | Y77: RXO | Z77: PITT OHIO EXPRESS | AA77: GROUND | AB77: 161.73 | AC77: =IF(C77="DENALI", AB77*0.495, IF(C77="SCHNEIDER ELECTRIC", AB77*1.136, IF(C77="WWT", AB77*1.2, AC77)))+AB77 -> 241.78635 | AD77: =AC77-AB77 -> 80.05635 | AE77: 6210.84 | AF77: =AB77/U77 -> 161.73 | AG77: =AB77/V77 -> 26.955 | AH77: =AB77/S77 -> 0.25918269 | AI77: 1172 | AJ77: 2D-20454099
A78: Inbound | B78: Vendor to Site | C78: DENALI | D78: WA | E78: LCT2 | F78: CT | G78: 22318423 | H78: 46080 | I78: No | J78: 22318423 | K78: 46077 | L78: Yes | M78: 46080 | N78: 46080 | O78: =NETWORKDAYS.INTL(K78,N78,1,$AM$2:$AM$10)-1 -> 3 | P78: Yes | Q78: No | R78: N/A | S78: 2927 | T78: 2D-19097803 | U78: 20 | V78: 476 | W78: 17000 | X78: FTL | Y78: RXO | Z78: BARRU GROUP | AA78: GROUND | AB78: 9934.92 | AC78: =IF(C78="DENALI", AB78*0.495, IF(C78="SCHNEIDER ELECTRIC", AB78*1.136, IF(C78="WWT", AB78*1.2, AC78)))+AB78 -> 14852.705 | AD78: =AC78-AB78 -> 4917.7854 | AE78: 260563.82 | AF78: =AB78/U78 -> 496.746 | AG78: =AB78/V78 -> 20.871681 | AH78: =AB78/S78 -> 3.394233 | AI78: 1290 | AJ78: 2D-20400650
A79: Inbound | B79: Vendor to Site | C79: DENALI | D79: WA | E79: LCT2 | F79: CT | G79: 22318435 | H79: 46080 | I79: No | J79: 22318435 | K79: 46077 | L79: Yes | M79: 46080 | N79: 46080 | O79: =NETWORKDAYS.INTL(K79,N79,1,$AM$2:$AM$10)-1 -> 3 | P79: Yes | Q79: No | R79: N/A | S79: 2927 | T79: 2D-19097803 | U79: 21 | V79: 477 | W79: 17035 | X79: FTL | Y79: RXO | Z79: MAX MOVE LLC | AA79: GROUND | AB79: 9934.92 | AC79: =IF(C79="DENALI", AB79*0.495, IF(C79="SCHNEIDER ELECTRIC", AB79*1.136, IF(C79="WWT", AB79*1.2, AC79)))+AB79 -> 14852.705 | AD79: =AC79-AB79 -> 4917.7854 | AE79: 269978.82 | AF79: =AB79/U79 -> 473.09143 | AG79: =AB79/V79 -> 20.827925 | AH79: =AB79/S79 -> 3.394233 | AI79: 1290 | AJ79: 2D-20400650
A80: Inbound | B80: Vendor to Site | C80: DENALI | D80: IN | E80: YOW3 | F80: ON | G80: RXO6718441 | H80: 46083 | I80: No | J80: 0948205088 | K80: 46077 | L80: Yes | M80: 46080 | N80: 46080 | O80: =NETWORKDAYS.INTL(K80,N80,1,$AM$2:$AM$10)-1 -> 3 | P80: Yes | Q80: No | R80: Followed up with RXO on 3/6, told they were needing CI and Broker info. Reminded them that was already sent to RXO on 2/25. | S80: 656 | T80: 5Z-19985949 5Z-20043225 | U80: 2 | V80: 50 | W80: 485 | X80: LTL | Y80: RXO | Z80: ESTES EXPRESS LINES | AA80: GROUND | AB80: 400.77 | AC80: =IF(C80="DENALI", AB80*0.495, IF(C80="SCHNEIDER ELECTRIC", AB80*1.136, IF(C80="WWT", AB80*1.2, AC80)))+AB80 -> 599.15115 | AD80: =AC80-AB80 -> 198.38115 | AE80: 17503.4 | AF80: =AB80/U80 -> 200.385 | AG80: =AB80/V80 -> 8.0154 | AH80: =AB80/S80 -> 0.61092988 | AI80: 1290 | AJ80: 2D-20400650
A81: Inbound | B81: Vendor to Site | C81: DENALI | D81: IN | E81: SNA4 | F81: CA | G81: RXO6715359 | H81: 46083 | I81: No | J81: 789791936 | K81: 46077 | L81: Yes | M81: 46083 | N81: 46083 | O81: =NETWORKDAYS.INTL(K81,N81,1,$AM$2:$AM$10)-1 -> 4 | P81: Yes | Q81: No | R81: N/A | S81: 2139 | T81: 2D-19882321 | U81: 1 | V81: 80 | W81: 610 | X81: LTL | Y81: RXO | Z81: XPO LOGISTICS | AA81: GROUND | AB81: 322.06 | AC81: =IF(C81="DENALI", AB81*0.495, IF(C81="SCHNEIDER ELECTRIC", AB81*1.136, IF(C81="WWT", AB81*1.2, AC81)))+AB81 -> 481.4797 | AD81: =AC81-AB81 -> 159.4197 | AE81: 27332.8 | AF81: =AB81/U81 -> 322.06 | AG81: =AB81/V81 -> 4.02575 | AH81: =AB81/S81 -> 0.15056568 | AI81: 1290 | AJ81: 2D-20400650
A82: Inbound | B82: Vendor to RAD | C82: DENALI | D82: IN | E82: RAD1 | F82: TN | G82: RXO6718825 | H82: 46083 | I82: No | J82: 00034198974 | K82: 46077 | L82: Yes | M82: 46079 | N82: 46079 | O82: =NETWORKDAYS.INTL(K82,N82,1,$AM$2:$AM$10)-1 -> 2 | P82: Yes | Q82: No | R82: N/A | S82: 441 | T82: 2D-19901144 2D-20168935 2D-20370781 | U82: 3 | V82: 84 | W82: 990 | X82: LTL | Y82: RXO | Z82: DAYTON FREIGHT LINES | AA82: GROUND | AB82: 268.64 | AC82: =IF(C82="DENALI", AB82*0.495, IF(C82="SCHNEIDER ELECTRIC", AB82*1.136, IF(C82="WWT", AB82*1.2, AC82)))+AB82 -> 401.6168 | AD82: =AC82-AB82 -> 132.9768 | AE82: 5541.5 | AF82: =AB82/U82 -> 89.546667 | AG82: =AB82/V82 -> 3.1980952 | AH82: =AB82/S82 -> 0.609161 | AI82: 1290 | AJ82: 2D-20363384
A83: Inbound | B83: Vendor to Site | C83: DENALI | D83: IN | E83: YYZ4 | F83: ON | G83: RXO6721042 | H83: 46083 | I83: No | J83: P3128748 | K83: 46077 | L83: Yes | M83: 46083 | N83: 46097 | O83: =NETWORKDAYS.INTL(K83,N83,1,$AM$2:$AM$10)-1 -> 14 | P83: No | Q83: Yes | R83: Reached out to RXO on 3/6 about excessive transit time; followed up on 3/11 about it still not being delivered. Resent documents to broker; cleared Customs on 3/13. | S83: 378 | T83: 5Z-20078179 | U83: 1 | V83: 250 | W83: 710 | X83: LTL | Y83: RXO | Z83: POLARIS TRANSPORT CARRIERS | AA83: GROUND | AB83: 202.05 | AC83: =IF(C83="DENALI", AB83*0.495, IF(C83="SCHNEIDER ELECTRIC", AB83*1.136, IF(C83="WWT", AB83*1.2, AC83)))+AB83 -> 302.06475 | AD83: =AC83-AB83 -> 100.01475 | AE83: 5470 | AF83: =AB83/U83 -> 202.05 | AG83: =AB83/V83 -> 0.8082 | AH83: =AB83/S83 -> 0.53452381 | AI83: 1290 | AJ83: 2D-20400650
A84: Inbound | B84: Vendor to Site | C84: DENALI | D84: IN | E84: SAX2 | F84: TX | G84: RXO6718954 | H84: 46083 | I84: No | J84: 789792286 | K84: 46077 | L84: Yes | M84: 46079 | N84: 46079 | O84: =NETWORKDAYS.INTL(K84,N84,1,$AM$2:$AM$10)-1 -> 2 | P84: Yes | Q84: No | R84: N/A | S84: 1036 | T84: 2D-20268019 | U84: 1 | V84: 200 | W84: 240 | X84: LTL | Y84: RXO | Z84: XPO LOGISTICS | AA84: GROUND | AB84: 275.9 | AC84: =IF(C84="DENALI", AB84*0.495, IF(C84="SCHNEIDER ELECTRIC", AB84*1.136, IF(C84="WWT", AB84*1.2, AC84)))+AB84 -> 412.4705 | AD84: =AC84-AB84 -> 136.5705 | AE84: 27028 | AF84: =AB84/U84 -> 275.9 | AG84: =AB84/V84 -> 1.3795 | AH84: =AB84/S84 -> 0.26631274 | AI84: 1235 | AJ84: 2D-20346741
A85: Inbound | B85: Vendor to Site | C85: DENALI | D85: IN | E85: BOS35 | F85: MA | G85: RXO6715748 | H85: 46080 | I85: No | J85: 121496541001 | K85: 46077 | L85: Yes | M85: 46080 | N85: 46080 | O85: =NETWORKDAYS.INTL(K85,N85,1,$AM$2:$AM$10)-1 -> 3 | P85: Yes | Q85: No | R85: N/A | S85: 824 | T85: 2D-19534295 | U85: 3 | V85: 190 | W85: 2070 | X85: LTL | Y85: RXO | Z85: SAIA MOTOR FREIGHT LINE | AA85: GROUND | AB85: 698.26 | AC85: =IF(C85="DENALI", AB85*0.495, IF(C85="SCHNEIDER ELECTRIC", AB85*1.136, IF(C85="WWT", AB85*1.2, AC85)))+AB85 -> 1043.8987 | AD85: =AC85-AB85 -> 345.6387 | AE85: 195761.26 | AF85: =AB85/U85 -> 232.75333 | AG85: =AB85/V85 -> 3.6750526 | AH85: =AB85/S85 -> 0.84740291 | AI85: 7013 | AJ85: 2D-20400650
A86: Inbound | B86: Vendor to Site | C86: DENALI | D86: IN | E86: MCI4 | F86: MO | G86: RXO6715822 | H86: 46080 | I86: No | J86: 121496541600 | K86: 46077 | L86: Yes | M86: 46079 | N86: 46079 | O86: =NETWORKDAYS.INTL(K86,N86,1,$AM$2:$AM$10)-1 -> 2 | P86: Yes | Q86: No | R86: N/A | S86: 631 | T86: 2D-20041026 | U86: 1 | V86: 2 | W86: 330 | X86: LTL | Y86: RXO | Z86: SAIA MOTOR FREIGHT LINE | AA86: GROUND | AB86: 334.2 | AC86: =IF(C86="DENALI", AB86*0.495, IF(C86="SCHNEIDER ELECTRIC", AB86*1.136, IF(C86="WWT", AB86*1.2, AC86)))+AB86 -> 499.629 | AD86: =AC86-AB86 -> 165.429 | AE86: 864.74 | AF86: =AB86/U86 -> 334.2 | AG86: =AB86/V86 -> 167.1 | AH86: =AB86/S86 -> 0.5296355 | AI86: 1290 | AJ86: 2D-20400650
A87: Inbound | B87: Vendor to Site | C87: DENALI | D87: IN | E87: RIC4 | F87: VA | G87: RXO6715903 | H87: 46080 | I87: No | J87: 5055151390 | K87: 46077 | L87: Yes | M87: 46079 | N87: 46079 | O87: =NETWORKDAYS.INTL(K87,N87,1,$AM$2:$AM$10)-1 -> 2 | P87: Yes | Q87: No | R87: N/A | S87: 645 | T87: 2D-19368885 | U87: 1 | V87: 90 | W87: 445 | X87: LTL | Y87: RXO | Z87: PITT OHIO EXPRESS | AA87: GROUND | AB87: 173.53 | AC87: =IF(C87="DENALI", AB87*0.495, IF(C87="SCHNEIDER ELECTRIC", AB87*1.136, IF(C87="WWT", AB87*1.2, AC87)))+AB87 -> 259.42735 | AD87: =AC87-AB87 -> 85.89735 | AE87: 48122.1 | AF87: =AB87/U87 -> 173.53 | AG87: =AB87/V87 -> 1.9281111 | AH87: =AB87/S87 -> 0.26903876 | AI87: 1290 | AJ87: 2D-20400650
A88: Inbound | B88: Vendor to Site | C88: DENALI | D88: IN | E88: BOS38 | F88: MA | G88: RXO6715965 | H88: 46083 | I88: No | J88: 121496544501 | K88: 46077 | L88: Yes | M88: 46080 | N88: 46080 | O88: =NETWORKDAYS.INTL(K88,N88,1,$AM$2:$AM$10)-1 -> 3 | P88: Yes | Q88: No | R88: N/A | S88: 866 | T88: 2D-19950316 | U88: 1 | V88: 82 | W88: 845 | X88: LTL | Y88: RXO | Z88: SAIA MOTOR FREIGHT LINE | AA88: GROUND | AB88: 464.82 | AC88: =IF(C88="DENALI", AB88*0.495, IF(C88="SCHNEIDER ELECTRIC", AB88*1.136, IF(C88="WWT", AB88*1.2, AC88)))+AB88 -> 694.9059 | AD88: =AC88-AB88 -> 230.0859 | AE88: 63612.41 | AF88: =AB88/U88 -> 464.82 | AG88: =AB88/V88 -> 5.6685366 | AH88: =AB88/S88 -> 0.53674365 | AI88: 5776 | AJ88: 2D-18027285
A89: Inbound | B89: Vendor to Site | C89: DENALI | D89: IN | E89: SAL4 | F89: AL | G89: RXO6716116 | H89: 46083 | I89: No | J89: 121496547200 | K89: 46077 | L89: Yes | M89: 46079 | N89: 46079 | O89: =NETWORKDAYS.INTL(K89,N89,1,$AM$2:$AM$10)-1 -> 2 | P89: Yes | Q89: No | R89: N/A | S89: 865 | T89: 2D-19142607 | U89: 1 | V89: 61 | W89: 355 | X89: LTL | Y89: RXO | Z89: SAIA MOTOR FREIGHT LINE | AA89: GROUND | AB89: 330.22 | AC89: =IF(C89="DENALI", AB89*0.495, IF(C89="SCHNEIDER ELECTRIC", AB89*1.136, IF(C89="WWT", AB89*1.2, AC89)))+AB89 -> 493.6789 | AD89: =AC89-AB89 -> 163.4589 | AE89: 39957.5 | AF89: =AB89/U89 -> 330.22 | AG89: =AB89/V89 -> 5.4134426 | AH89: =AB89/S89 -> 0.38175723 | AI89: 1060 | AJ89: 2D-20346741
A90: Inbound | B90: Vendor to Site | C90: DENALI | D90: IN | E90: MDW7 | F90: IL | G90: RXO6716266 | H90: 46083 | I90: No | J90: 00034199127 | K90: 46077 | L90: Yes | M90: 46078 | N90: 46078 | O90: =NETWORKDAYS.INTL(K90,N90,1,$AM$2:$AM$10)-1 -> 1 | P90: Yes | Q90: No | R90: N/A | S90: 166 | T90: 2D-19934863 | U90: 1 | V90: 12 | W90: 680 | X90: LTL | Y90: RXO | Z90: DAYTON FREIGHT LINES | AA90: GROUND | AB90: 149.06 | AC90: =IF(C90="DENALI", AB90*0.495, IF(C90="SCHNEIDER ELECTRIC", AB90*1.136, IF(C90="WWT", AB90*1.2, AC90)))+AB90 -> 222.8447 | AD90: =AC90-AB90 -> 73.7847 | AE90: 15237.48 | AF90: =AB90/U90 -> 149.06 | AG90: =AB90/V90 -> 12.421667 | AH90: =AB90/S90 -> 0.89795181 | AI90: 1290 | AJ90: 2D-20400650
A91: Inbound | B91: Vendor to Site | C91: DENALI | D91: IN | E91: SVA4 | F91: VA | G91: RXO6716438 | H91: 46083 | I91: No | J91: 5055151419 | K91: 46077 | L91: Yes | M91: 46080 | N91: 46080 | O91: =NETWORKDAYS.INTL(K91,N91,1,$AM$2:$AM$10)-1 -> 3 | P91: Yes | Q91: No | R91: N/A | S91: 660 | T91: 2D-20036844 | U91: 2 | V91: 125 | W91: 575 | X91: LTL | Y91: RXO | Z91: PITT OHIO EXPRESS | AA91: GROUND | AB91: 255.89 | AC91: =IF(C91="DENALI", AB91*0.495, IF(C91="SCHNEIDER ELECTRIC", AB91*1.136, IF(C91="WWT", AB91*1.2, AC91)))+AB91 -> 382.55555 | AD91: =AC91-AB91 -> 126.66555 | AE91: 25579.89 | AF91: =AB91/U91 -> 127.945 | AG91: =AB91/V91 -> 2.04712 | AH91: =AB91/S91 -> 0.38771212 | AI91: 1060 | AJ91: 2D-20346741
A92: Inbound | B92: Vendor to Site | C92: DENALI | D92: WA | E92: CAZ5 | F92: CA | G92: RXO6728622 | H92: 46080 | I92: No | J92: 789794025 | K92: 46078 | L92: Yes | M92: 46086 | N92: 46086 | O92: =NETWORKDAYS.INTL(K92,N92,1,$AM$2:$AM$10)-1 -> 6 | P92: Yes | Q92: No | R92: N/A | S92: 1179 | T92: 2D-20149973 | U92: 2 | V92: 44 | W92: 1370 | X92: LTL | Y92: RXO | Z92: XPO LOGISTICS | AA92: GROUND | AB92: 673.37 | AC92: =IF(C92="DENALI", AB92*0.495, IF(C92="SCHNEIDER ELECTRIC", AB92*1.136, IF(C92="WWT", AB92*1.2, AC92)))+AB92 -> 1006.6881 | AD92: =AC92-AB92 -> 333.31815 | AE92: 99861.08 | AF92: =AB92/U92 -> 336.685 | AG92: =AB92/V92 -> 15.303864 | AH92: =AB92/S92 -> 0.57113656 | AI92: 1173 | AJ92: 2D-20412467
A93: Inbound | B93: Vendor to Site | C93: DENALI | D93: WA | E93: SAL4 | F93: AL | G93: 22332602 | H93: 46083 | I93: No | J93: 22332602 | K93: 46079 | L93: Yes | M93: 46083 | N93: 46083 | O93: =NETWORKDAYS.INTL(K93,N93,1,$AM$2:$AM$10)-1 -> 2 | P93: Yes | Q93: No | R93: N/A | S93: 2744 | T93: 2D-18272643 | U93: 6 | V93: 6 | W93: 5100 | X93: FTL | Y93: RXO | Z93: SERVE YOU TRANSPORTERS | AA93: GROUND | AB93: 6178.31 | AC93: =IF(C93="DENALI", AB93*0.495, IF(C93="SCHNEIDER ELECTRIC", AB93*1.136, IF(C93="WWT", AB93*1.2, AC93)))+AB93 -> 9236.5734 | AD93: =AC93-AB93 -> 3058.2634 | AE93: 80615.34 | AF93: =AB93/U93 -> 1029.7183 | AG93: =AB93/V93 -> 1029.7183 | AH93: =AB93/S93 -> 2.2515707 | AI93: 1060 | AJ93: 2D-20346741
A94: Inbound | B94: Vendor to RAD | C94: DENALI | D94: IN | E94: RAD1 | F94: TN | G94: 22344236 | H94: 46080 | I94: No | J94: 22344236 | K94: 46079 | L94: Yes | M94: 46080 | N94: 46080 | O94: =NETWORKDAYS.INTL(K94,N94,1,$AM$2:$AM$10)-1 -> 1 | P94: Yes | Q94: No | R94: N/A | S94: 439 | T94: 2D-19734431 | U94: 20 | V94: 20 | W94: 7400 | X94: FTL | Y94: RXO | Z94: PREMIUM EXPRESS TRUCKING | AA94: GROUND | AB94: 2634.15 | AC94: =IF(C94="DENALI", AB94*0.495, IF(C94="SCHNEIDER ELECTRIC", AB94*1.136, IF(C94="WWT", AB94*1.2, AC94)))+AB94 -> 3938.0543 | AD94: =AC94-AB94 -> 1303.9043 | AE94: 135673 | AF94: =AB94/U94 -> 131.7075 | AG94: =AB94/V94 -> 131.7075 | AH94: =AB94/S94 -> 6.0003417 | AI94: 1172 | AJ94: 2D-20454099
A95: Inbound | B95: Vendor to Site | C95: SCHNEIDER ELECTRIC | D95: CA | E95: DUT5 | F95: UT | G95: RXO6740417 | H95: 46083 | I95: No | J95: 789795786 | K95: 46078 | L95: Yes | M95: 46086 | N95: 46086 | O95: =NETWORKDAYS.INTL(K95,N95,1,$AM$2:$AM$10)-1 -> 6 | P95: Yes | Q95: No | R95: N/A | S95: 699 | T95: 2D-20425871 | U95: 1 | V95: 6 | W95: 304 | X95: LTL | Y95: RXO | Z95: XPO LOGISTICS | AA95: GROUND | AB95: 429.95 | AC95: =IF(C95="DENALI", AB95*0.495, IF(C95="SCHNEIDER ELECTRIC", AB95*1.136, IF(C95="WWT", AB95*1.2, AC95)))+AB95 -> 918.3732 | AD95: =AC95-AB95 -> 488.4232 | AE95: 2990.56 | AF95: =AB95/U95 -> 429.95 | AG95: =AB95/V95 -> 71.658333 | AH95: =AB95/S95 -> 0.61509299 | AI95: 1172 | AJ95: 2D-18027278
A96: Inbound | B96: Vendor to Site | C96: DENALI | D96: WA | E96: SOH6 | F96: OH | G96: 22344631 | H96: 46083 | I96: No | J96: 22344631 | K96: 46079 | L96: Yes | M96: 46083 | N96: 46083 | O96: =NETWORKDAYS.INTL(K96,N96,1,$AM$2:$AM$10)-1 -> 2 | P96: Yes | Q96: No | R96: N/A | S96: 2302 | T96: 2D-20415240 | U96: 5 | V96: 5 | W96: 4250 | X96: FTL | Y96: RXO | Z96: SIERRA LOGISTICS GROUP | AA96: GROUND | AB96: 4580.04 | AC96: =IF(C96="DENALI", AB96*0.495, IF(C96="SCHNEIDER ELECTRIC", AB96*1.136, IF(C96="WWT", AB96*1.2, AC96)))+AB96 -> 6847.1598 | AD96: =AC96-AB96 -> 2267.1198 | AE96: 71736.7 | AF96: =AB96/U96 -> 916.008 | AG96: =AB96/V96 -> 916.008 | AH96: =AB96/S96 -> 1.9895917 | AI96: 1060 | AJ96: 2D-20346741
A97: Inbound | B97: Vendor to Site | C97: DENALI | D97: WA | E97: IAG1 | F97: NY | G97: 22357825 | H97: 46083 | I97: No | J97: 22357825 | K97: 46080 | L97: Yes | M97: 46083 | N97: 46083 | O97: =NETWORKDAYS.INTL(K97,N97,1,$AM$2:$AM$10)-1 -> 1 | P97: Yes | Q97: No | R97: N/A | S97: 2588 | T97: 2D-20470343 | U97: 9 | V97: 195 | W97: 6330 | X97: FTL | Y97: RXO | Z97: KII TRANSPORTATION | AA97: GROUND | AB97: 7820.73 | AC97: =IF(C97="DENALI", AB97*0.495, IF(C97="SCHNEIDER ELECTRIC", AB97*1.136, IF(C97="WWT", AB97*1.2, AC97)))+AB97 -> 11691.991 | AD97: =AC97-AB97 -> 3871.2614 | AE97: 489401.25 | AF97: =AB97/U97 -> 868.97 | AG97: =AB97/V97 -> 40.106308 | AH97: =AB97/S97 -> 3.0219204 | AI97: 1290 | AJ97: 2D-20400650
A98: Inbound | B98: Vendor to Site | C98: SCHNEIDER ELECTRIC | D98: CA | E98: DDE8 | F98: CO | G98: RXO6766990 | H98: 46085 | I98: No | J98: 789804503 | K98: 46085 | L98: Yes | M98: 46090 | N98: 46090 | O98: =NETWORKDAYS.INTL(K98,N98,1,$AM$2:$AM$10)-1 -> 3 | P98: Yes | Q98: No | R98: N/A | S98: 1038 | T98: 2D-20467889 | U98: 1 | V98: 10 | W98: 545 | X98: LTL | Y98: RXO | Z98: XPO LOGISTICS | AA98: GROUND | AB98: 297.46 | AC98: =IF(C98="DENALI", AB98*0.495, IF(C98="SCHNEIDER ELECTRIC", AB98*1.136, IF(C98="WWT", AB98*1.2, AC98)))+AB98 -> 635.37456 | AD98: =AC98-AB98 -> 337.91456 | AE98: 489402.25 | AF98: =AB98/U98 -> 297.46 | AG98: =AB98/V98 -> 29.746 | AH98: =AB98/S98 -> 0.28657033 | AI98: 1172 | AJ98: 2D-20454099
A99: Inbound | B99: Vendor to Site | C99: SCHNEIDER ELECTRIC | D99: CA | E99: DEN7 | F99: CO | G99: RXO6767186 | H99: 46085 | I99: No | J99: 789805004 | K99: 46085 | L99: Yes | M99: 46091 | N99: 46091 | O99: =NETWORKDAYS.INTL(K99,N99,1,$AM$2:$AM$10)-1 -> 4 | P99: Yes | Q99: No | R99: N/A | S99: 1007 | T99: 2D-20467506 | U99: 1 | V99: 7 | W99: 579 | X99: LTL | Y99: RXO | Z99: XPO LOGISTICS | AA99: GROUND | AB99: 268.44 | AC99: =IF(C99="DENALI", AB99*0.495, IF(C99="SCHNEIDER ELECTRIC", AB99*1.136, IF(C99="WWT", AB99*1.2, AC99)))+AB99 -> 573.38784 | AD99: =AC99-AB99 -> 304.94784 | AE99: 3649.24 | AF99: =AB99/U99 -> 268.44 | AG99: =AB99/V99 -> 38.348571 | AH99: =AB99/S99 -> 0.26657398 | AI99: 1085 | AJ99: 2D-20454099
A100: Inbound | B100: Vendor to Site | C100: SCHNEIDER ELECTRIC | D100: CA | E100: SAT1 | F100: TX | G100: RXO6767232 | H100: 46085 | I100: No | J100: 121496749803 | K100: 46084 | L100: Yes | M100: 46090 | N100: 46090 | O100: =NETWORKDAYS.INTL(K100,N100,1,$AM$2:$AM$10)-1 -> 4 | P100: Yes | Q100: No | R100: N/A | S100: 1345 | T100: 2D-20479058 | U100: 1 | V100: 7 | W100: 311 | X100: LTL | Y100: RXO | Z100: SAIA MOTOR FREIGHT LINE | AA100: GROUND | AB100: 451.02 | AC100: =IF(C100="DENALI", AB100*0.495, IF(C100="SCHNEIDER ELECTRIC", AB100*1.136, IF(C100="WWT", AB100*1.2, AC100)))+AB100 -> 963.37872 | AD100: =AC100-AB100 -> 512.35872 | AE100: 1979.6 | AF100: =AB100/U100 -> 451.02 | AG100: =AB100/V100 -> 64.431429 | AH100: =AB100/S100 -> 0.33533086 | AI100: 1290 | AJ100: 2D-18027285
A101: Inbound | B101: Vendor to RAD | C101: DENALI | D101: IN | E101: RAD1 | F101: TN | G101: 22378599 | H101: 46085 | I101: No | J101: 22378599 | K101: 46084 | L101: Yes | M101: 46085 | N101: 46085 | O101: =NETWORKDAYS.INTL(K101,N101,1,$AM$2:$AM$10)-1 -> 1 | P101: Yes | Q101: No | R101: N/A | S101: 439 | T101: 2D-20301145 2D-17561589 2D-19582475 2D-19304072 2D-20252566 2D-20110863 2D-20225008 2D-19166720 | U101: 10 | V101: 2306 | W101: 6070 | X101: FTL | Y101: RXO | Z101: SHALOM TRANS INC | AA101: GROUND | AB101: 2389.4 | AC101: =IF(C101="DENALI", AB101*0.495, IF(C101="SCHNEIDER ELECTRIC", AB101*1.136, IF(C101="WWT", AB101*1.2, AC101)))+AB101 -> 3572.153 | AD101: =AC101-AB101 -> 1182.753 | AE101: 231279.92 | AF101: =AB101/U101 -> 238.94 | AG101: =AB101/V101 -> 1.0361665 | AH101: =AB101/S101 -> 5.4428246 | AI101: 1290 | AJ101: 2D-20454099
A102: Inbound | B102: Vendor to Site | C102: DENALI | D102: IN | E102: BJC1 | F102: CO | G102: 22379403 | H102: 46085 | I102: No | J102: 22379403 | K102: 46084 | L102: Yes | M102: 46085 | N102: 46085 | O102: =NETWORKDAYS.INTL(K102,N102,1,$AM$2:$AM$10)-1 -> 1 | P102: Yes | Q102: No | R102: N/A | S102: 1143 | T102: 2D-19657497 2D-20297538 | U102: 11 | V102: 2930 | W102: 7135 | X102: FTL | Y102: RXO | Z102: NJARO LOGISTICS LLC | AA102: GROUND | AB102: 4315.82 | AC102: =IF(C102="DENALI", AB102*0.495, IF(C102="SCHNEIDER ELECTRIC", AB102*1.136, IF(C102="WWT", AB102*1.2, AC102)))+AB102 -> 6452.1509 | AD102: =AC102-AB102 -> 2136.3309 | AE102: 239129.18 | AF102: =AB102/U102 -> 392.34727 | AG102: =AB102/V102 -> 1.4729761 | AH102: =AB102/S102 -> 3.7758705 | AI102: 1290 | AJ102: 2D-20400650
A103: Inbound | B103: Vendor to Site | C103: DENALI | D103: IN | E103: CHA1 | F103: TX | G103: RXO6783348 | H103: 46087 | I103: No | J103: 789798844 | K103: 46083 | L103: Yes | M103: 46085 | N103: 46085 | O103: =NETWORKDAYS.INTL(K103,N103,1,$AM$2:$AM$10)-1 -> 2 | P103: Yes | Q103: No | R103: N/A | S103: 1101 | T103: 2D-19161359 | U103: 1 | V103: 123 | W103: 545 | X103: LTL | Y103: RXO | Z103: XPO LOGISTICS | AA103: GROUND | AB103: 247.54 | AC103: =IF(C103="DENALI", AB103*0.495, IF(C103="SCHNEIDER ELECTRIC", AB103*1.136, IF(C103="WWT", AB103*1.2, AC103)))+AB103 -> 370.0723 | AD103: =AC103-AB103 -> 122.5323 | AE103: 13252.62 | AF103: =AB103/U103 -> 247.54 | AG103: =AB103/V103 -> 2.0125203 | AH103: =AB103/S103 -> 0.22483197 | AI103: 1173 | AJ103: 2D-20412467
...

Sheet 2026 Dashboard
A1: 2026 Global IB Supplier Freight - Dashboard
A2: Auto-updates as shipments are added to the 2026 IB Shipments tab
A4: MONTHLY SUMMARY
A6: Month | B6: Service Cost | C6: Cost Savings | D6: Units | E6: Cargo Value | F6: Shipments | G6: Pallets | H6: Miles | I6: CPU
A7: Jan | B7: =SUMIFS('2026 IB Shipments'!AB$1:AB$2239,'2026 IB Shipments'!K$1:K$2239,">="&DATE(2026,1,1),'2026 IB Shipments'!K$1:K$2239,"<"&DATE(2026,2,1)) -> 31507.73 | C7: =SUMIFS('2026 IB Shipments'!AD$1:AD$2239,'2026 IB Shipments'!K$1:K$2239,">="&DATE(2026,1,1),'2026 IB Shipments'!K$1:K$2239,"<"&DATE(2026,2,1)) -> 19011.16 | D7: =SUMIFS('2026 IB Shipments'!V$1:V$2239,'2026 IB Shipments'!K$1:K$2239,">="&DATE(2026,1,1),'2026 IB Shipments'!K$1:K$2239,"<"&DATE(2026,2,1)) -> 6242 | E7: =SUMIFS('2026 IB Shipments'!AE$1:AE$2239,'2026 IB Shipments'!K$1:K$2239,">="&DATE(2026,1,1),'2026 IB Shipments'!K$1:K$2239,"<"&DATE(2026,2,1)) -> 2052454.3 | F7: =COUNTIFS('2026 IB Shipments'!K$1:K$2239,">="&DATE(2026,1,1),'2026 IB Shipments'!K$1:K$2239,"<"&DATE(2026,2,1)) -> 38 | G7: =SUMIFS('2026 IB Shipments'!U$1:U$2239,'2026 IB Shipments'!K$1:K$2239,">="&DATE(2026,1,1),'2026 IB Shipments'!K$1:K$2239,"<"&DATE(2026,2,1)) -> 95 | H7: =SUMIFS('2026 IB Shipments'!S$1:S$2239,'2026 IB Shipments'!K$1:K$2239,">="&DATE(2026,1,1),'2026 IB Shipments'!K$1:K$2239,"<"&DATE(2026,2,1)) -> 33424 | I7: =IFERROR(B7/D7,"") -> 5.0476979
A8: Feb | B8: =SUMIFS('2026 IB Shipments'!AB$1:AB$2239,'2026 IB Shipments'!K$1:K$2239,">="&DATE(2026,2,1),'2026 IB Shipments'!K$1:K$2239,"<"&DATE(2026,3,1)) -> 91896.22 | C8: =SUMIFS('2026 IB Shipments'!AD$1:AD$2239,'2026 IB Shipments'!K$1:K$2239,">="&DATE(2026,2,1),'2026 IB Shipments'!K$1:K$2239,"<"&DATE(2026,3,1)) -> 48665.88 | D8: =SUMIFS('2026 IB Shipments'!V$1:V$2239,'2026 IB Shipments'!K$1:K$2239,">="&DATE(2026,2,1),'2026 IB Shipments'!K$1:K$2239,"<"&DATE(2026,3,1)) -> 11006 | E8: =SUMIFS('2026 IB Shipments'!AE$1:AE$2239,'2026 IB Shipments'!K$1:K$2239,">="&DATE(2026,2,1),'2026 IB Shipments'!K$1:K$2239,"<"&DATE(2026,3,1)) -> 4586845 | F8: =COUNTIFS('2026 IB Shipments'!K$1:K$2239,">="&DATE(2026,2,1),'2026 IB Shipments'!K$1:K$2239,"<"&DATE(2026,3,1)) -> 58 | G8: =SUMIFS('2026 IB Shipments'!U$1:U$2239,'2026 IB Shipments'!K$1:K$2239,">="&DATE(2026,2,1),'2026 IB Shipments'!K$1:K$2239,"<"&DATE(2026,3,1)) -> 300 | H8: =SUMIFS('2026 IB Shipments'!S$1:S$2239,'2026 IB Shipments'!K$1:K$2239,">="&DATE(2026,2,1),'2026 IB Shipments'!K$1:K$2239,"<"&DATE(2026,3,1)) -> 61153 | I8: =IFERROR(B8/D8,"") -> 8.3496475
A9: Mar | B9: =SUMIFS('2026 IB Shipments'!AB$1:AB$2239,'2026 IB Shipments'!K$1:K$2239,">="&DATE(2026,3,1),'2026 IB Shipments'!K$1:K$2239,"<"&DATE(2026,4,1)) -> 66310.41 | C9: =SUMIFS('2026 IB Shipments'!AD$1:AD$2239,'2026 IB Shipments'!K$1:K$2239,">="&DATE(2026,3,1),'2026 IB Shipments'!K$1:K$2239,"<"&DATE(2026,4,1)) -> 59716.149 | D9: =SUMIFS('2026 IB Shipments'!V$1:V$2239,'2026 IB Shipments'!K$1:K$2239,">="&DATE(2026,3,1),'2026 IB Shipments'!K$1:K$2239,"<"&DATE(2026,4,1)) -> 102423 | E9: =SUMIFS('2026 IB Shipments'!AE$1:AE$2239,'2026 IB Shipments'!K$1:K$2239,">="&DATE(2026,3,1),'2026 IB Shipments'!K$1:K$2239,"<"&DATE(2026,4,1)) -> 8525914.7 | F9: =COUNTIFS('2026 IB Shipments'!K$1:K$2239,">="&DATE(2026,3,1),'2026 IB Shipments'!K$1:K$2239,"<"&DATE(2026,4,1)) -> 89 | G9: =SUMIFS('2026 IB Shipments'!U$1:U$2239,'2026 IB Shipments'!K$1:K$2239,">="&DATE(2026,3,1),'2026 IB Shipments'!K$1:K$2239,"<"&DATE(2026,4,1)) -> 224 | H9: =SUMIFS('2026 IB Shipments'!S$1:S$2239,'2026 IB Shipments'!K$1:K$2239,">="&DATE(2026,3,1),'2026 IB Shipments'!K$1:K$2239,"<"&DATE(2026,4,1)) -> 81295 | I9: =IFERROR(B9/D9,"") -> 0.64741718
A10: Apr | B10: =SUMIFS('2026 IB Shipments'!AB$1:AB$2239,'2026 IB Shipments'!K$1:K$2239,">="&DATE(2026,4,1),'2026 IB Shipments'!K$1:K$2239,"<"&DATE(2026,5,1)) -> 120673.25 | C10: =SUMIFS('2026 IB Shipments'!AD$1:AD$2239,'2026 IB Shipments'!K$1:K$2239,">="&DATE(2026,4,1),'2026 IB Shipments'!K$1:K$2239,"<"&DATE(2026,5,1)) -> 72648.607 | D10: =SUMIFS('2026 IB Shipments'!V$1:V$2239,'2026 IB Shipments'!K$1:K$2239,">="&DATE(2026,4,1),'2026 IB Shipments'!K$1:K$2239,"<"&DATE(2026,5,1)) -> 128203 | E10: =SUMIFS('2026 IB Shipments'!AE$1:AE$2239,'2026 IB Shipments'!K$1:K$2239,">="&DATE(2026,4,1),'2026 IB Shipments'!K$1:K$2239,"<"&DATE(2026,5,1)) -> 13580943 | F10: =COUNTIFS('2026 IB Shipments'!K$1:K$2239,">="&DATE(2026,4,1),'2026 IB Shipments'!K$1:K$2239,"<"&DATE(2026,5,1)) -> 112 | G10: =SUMIFS('2026 IB Shipments'!U$1:U$2239,'2026 IB Shipments'!K$1:K$2239,">="&DATE(2026,4,1),'2026 IB Shipments'!K$1:K$2239,"<"&DATE(2026,5,1)) -> 555 | H10: =SUMIFS('2026 IB Shipments'!S$1:S$2239,'2026 IB Shipments'!K$1:K$2239,">="&DATE(2026,4,1),'2026 IB Shipments'!K$1:K$2239,"<"&DATE(2026,5,1)) -> 120905 | I10: =IFERROR(B10/D10,"") -> 0.94126698
A11: May | B11: =SUMIFS('2026 IB Shipments'!AB$1:AB$2239,'2026 IB Shipments'!K$1:K$2239,">="&DATE(2026,5,1),'2026 IB Shipments'!K$1:K$2239,"<"&DATE(2026,6,1)) -> 104180.99 | C11: =SUMIFS('2026 IB Shipments'!AD$1:AD$2239,'2026 IB Shipments'!K$1:K$2239,">="&DATE(2026,5,1),'2026 IB Shipments'!K$1:K$2239,"<"&DATE(2026,6,1)) -> 54262.796 | D11: =SUMIFS('2026 IB Shipments'!V$1:V$2239,'2026 IB Shipments'!K$1:K$2239,">="&DATE(2026,5,1),'2026 IB Shipments'!K$1:K$2239,"<"&DATE(2026,6,1)) -> 118980 | E11: =SUMIFS('2026 IB Shipments'!AE$1:AE$2239,'2026 IB Shipments'!K$1:K$2239,">="&DATE(2026,5,1),'2026 IB Shipments'!K$1:K$2239,"<"&DATE(2026,6,1)) -> 6710413.9 | F11: =COUNTIFS('2026 IB Shipments'!K$1:K$2239,">="&DATE(2026,5,1),'2026 IB Shipments'!K$1:K$2239,"<"&DATE(2026,6,1)) -> 104 | G11: =SUMIFS('2026 IB Shipments'!U$1:U$2239,'2026 IB Shipments'!K$1:K$2239,">="&DATE(2026,5,1),'2026 IB Shipments'!K$1:K$2239,"<"&DATE(2026,6,1)) -> 394 | H11: =SUMIFS('2026 IB Shipments'!S$1:S$2239,'2026 IB Shipments'!K$1:K$2239,">="&DATE(2026,5,1),'2026 IB Shipments'!K$1:K$2239,"<"&DATE(2026,6,1)) -> 121229.1 | I11: =IFERROR(B11/D11,"") -> 0.87561767
A12: Jun | B12: =SUMIFS('2026 IB Shipments'!AB$1:AB$2239,'2026 IB Shipments'!K$1:K$2239,">="&DATE(2026,6,1),'2026 IB Shipments'!K$1:K$2239,"<"&DATE(2026,7,1)) -> 210263.11 | C12: =SUMIFS('2026 IB Shipments'!AD$1:AD$2239,'2026 IB Shipments'!K$1:K$2239,">="&DATE(2026,6,1),'2026 IB Shipments'!K$1:K$2239,"<"&DATE(2026,7,1)) -> 137277.88 | D12: =SUMIFS('2026 IB Shipments'!V$1:V$2239,'2026 IB Shipments'!K$1:K$2239,">="&DATE(2026,6,1),'2026 IB Shipments'!K$1:K$2239,"<"&DATE(2026,7,1)) -> 123897 | E12: =SUMIFS('2026 IB Shipments'!AE$1:AE$2239,'2026 IB Shipments'!K$1:K$2239,">="&DATE(2026,6,1),'2026 IB Shipments'!K$1:K$2239,"<"&DATE(2026,7,1)) -> 9134237.7 | F12: =COUNTIFS('2026 IB Shipments'!K$1:K$2239,">="&DATE(2026,6,1),'2026 IB Shipments'!K$1:K$2239,"<"&DATE(2026,7,1)) -> 129 | G12: =SUMIFS('2026 IB Shipments'!U$1:U$2239,'2026 IB Shipments'!K$1:K$2239,">="&DATE(2026,6,1),'2026 IB Shipments'!K$1:K$2239,"<"&DATE(2026,7,1)) -> 430 | H12: =SUMIFS('2026 IB Shipments'!S$1:S$2239,'2026 IB Shipments'!K$1:K$2239,">="&DATE(2026,6,1),'2026 IB Shipments'!K$1:K$2239,"<"&DATE(2026,7,1)) -> 154964.9 | I12: =IFERROR(B12/D12,"") -> 1.6970799
A13: Jul | B13: =SUMIFS('2026 IB Shipments'!AB$1:AB$2239,'2026 IB Shipments'!K$1:K$2239,">="&DATE(2026,7,1),'2026 IB Shipments'!K$1:K$2239,"<"&DATE(2026,8,1)) -> 245178.8 | C13: =SUMIFS('2026 IB Shipments'!AD$1:AD$2239,'2026 IB Shipments'!K$1:K$2239,">="&DATE(2026,7,1),'2026 IB Shipments'!K$1:K$2239,"<"&DATE(2026,8,1)) -> 179782.74 | D13: =SUMIFS('2026 IB Shipments'!V$1:V$2239,'2026 IB Shipments'!K$1:K$2239,">="&DATE(2026,7,1),'2026 IB Shipments'!K$1:K$2239,"<"&DATE(2026,8,1)) -> 32066 | E13: =SUMIFS('2026 IB Shipments'!AE$1:AE$2239,'2026 IB Shipments'!K$1:K$2239,">="&DATE(2026,7,1),'2026 IB Shipments'!K$1:K$2239,"<"&DATE(2026,8,1)) -> 12020483 | F13: =COUNTIFS('2026 IB Shipments'!K$1:K$2239,">="&DATE(2026,7,1),'2026 IB Shipments'!K$1:K$2239,"<"&DATE(2026,8,1)) -> 199 | G13: =SUMIFS('2026 IB Shipments'!U$1:U$2239,'2026 IB Shipments'!K$1:K$2239,">="&DATE(2026,7,1),'2026 IB Shipments'!K$1:K$2239,"<"&DATE(2026,8,1)) -> 364 | H13: =SUMIFS('2026 IB Shipments'!S$1:S$2239,'2026 IB Shipments'!K$1:K$2239,">="&DATE(2026,7,1),'2026 IB Shipments'!K$1:K$2239,"<"&DATE(2026,8,1)) -> 207783 | I13: =IFERROR(B13/D13,"") -> 7.6460675
A14: Aug | B14: =SUMIFS('2026 IB Shipments'!AB$1:AB$2239,'2026 IB Shipments'!K$1:K$2239,">="&DATE(2026,8,1),'2026 IB Shipments'!K$1:K$2239,"<"&DATE(2026,9,1)) -> 133991.37 | C14: =SUMIFS('2026 IB Shipments'!AD$1:AD$2239,'2026 IB Shipments'!K$1:K$2239,">="&DATE(2026,8,1),'2026 IB Shipments'!K$1:K$2239,"<"&DATE(2026,9,1)) -> 90808.205 | D14: =SUMIFS('2026 IB Shipments'!V$1:V$2239,'2026 IB Shipments'!K$1:K$2239,">="&DATE(2026,8,1),'2026 IB Shipments'!K$1:K$2239,"<"&DATE(2026,9,1)) -> 121106 | E14: =SUMIFS('2026 IB Shipments'!AE$1:AE$2239,'2026 IB Shipments'!K$1:K$2239,">="&DATE(2026,8,1),'2026 IB Shipments'!K$1:K$2239,"<"&DATE(2026,9,1)) -> 11135096 | F14: =COUNTIFS('2026 IB Shipments'!K$1:K$2239,">="&DATE(2026,8,1),'2026 IB Shipments'!K$1:K$2239,"<"&DATE(2026,9,1)) -> 124 | G14: =SUMIFS('2026 IB Shipments'!U$1:U$2239,'2026 IB Shipments'!K$1:K$2239,">="&DATE(2026,8,1),'2026 IB Shipments'!K$1:K$2239,"<"&DATE(2026,9,1)) -> 322 | H14: =SUMIFS('2026 IB Shipments'!S$1:S$2239,'2026 IB Shipments'!K$1:K$2239,">="&DATE(2026,8,1),'2026 IB Shipments'!K$1:K$2239,"<"&DATE(2026,9,1)) -> 129441.7 | I14: =IFERROR(B14/D14,"") -> 1.1063975
A15: Sep | B15: =SUMIFS('2026 IB Shipments'!AB$1:AB$2239,'2026 IB Shipments'!K$1:K$2239,">="&DATE(2026,9,1),'2026 IB Shipments'!K$1:K$2239,"<"&DATE(2026,10,1)) -> 164559.22 | C15: =SUMIFS('2026 IB Shipments'!AD$1:AD$2239,'2026 IB Shipments'!K$1:K$2239,">="&DATE(2026,9,1),'2026 IB Shipments'!K$1:K$2239,"<"&DATE(2026,10,1)) -> 124575.3 | D15: =SUMIFS('2026 IB Shipments'!V$1:V$2239,'2026 IB Shipments'!K$1:K$2239,">="&DATE(2026,9,1),'2026 IB Shipments'!K$1:K$2239,"<"&DATE(2026,10,1)) -> 176540 | E15: =SUMIFS('2026 IB Shipments'!AE$1:AE$2239,'2026 IB Shipments'!K$1:K$2239,">="&DATE(2026,9,1),'2026 IB Shipments'!K$1:K$2239,"<"&DATE(2026,10,1)) -> 11153945 | F15: =COUNTIFS('2026 IB Shipments'!K$1:K$2239,">="&DATE(2026,9,1),'2026 IB Shipments'!K$1:K$2239,"<"&DATE(2026,10,1)) -> 164 | G15: =SUMIFS('2026 IB Shipments'!U$1:U$2239,'2026 IB Shipments'!K$1:K$2239,">="&DATE(2026,9,1),'2026 IB Shipments'!K$1:K$2239,"<"&DATE(2026,10,1)) -> 349 | H15: =SUMIFS('2026 IB Shipments'!S$1:S$2239,'2026 IB Shipments'!K$1:K$2239,">="&DATE(2026,9,1),'2026 IB Shipments'!K$1:K$2239,"<"&DATE(2026,10,1)) -> 146337.3 | I15: =IFERROR(B15/D15,"") -> 0.93213561
A16: Oct | B16: =SUMIFS('2026 IB Shipments'!AB$1:AB$2239,'2026 IB Shipments'!K$1:K$2239,">="&DATE(2026,10,1),'2026 IB Shipments'!K$1:K$2239,"<"&DATE(2026,11,1)) -> 46293.46 | C16: =SUMIFS('2026 IB Shipments'!AD$1:AD$2239,'2026 IB Shipments'!K$1:K$2239,">="&DATE(2026,10,1),'2026 IB Shipments'!K$1:K$2239,"<"&DATE(2026,11,1)) -> 24668.831 | D16: =SUMIFS('2026 IB Shipments'!V$1:V$2239,'2026 IB Shipments'!K$1:K$2239,">="&DATE(2026,10,1),'2026 IB Shipments'!K$1:K$2239,"<"&DATE(2026,11,1)) -> 124910 | E16: =SUMIFS('2026 IB Shipments'!AE$1:AE$2239,'2026 IB Shipments'!K$1:K$2239,">="&DATE(2026,10,1),'2026 IB Shipments'!K$1:K$2239,"<"&DATE(2026,11,1)) -> 4550482.8 | F16: =COUNTIFS('2026 IB Shipments'!K$1:K$2239,">="&DATE(2026,10,1),'2026 IB Shipments'!K$1:K$2239,"<"&DATE(2026,11,1)) -> 32 | G16: =SUMIFS('2026 IB Shipments'!U$1:U$2239,'2026 IB Shipments'!K$1:K$2239,">="&DATE(2026,10,1),'2026 IB Shipments'!K$1:K$2239,"<"&DATE(2026,11,1)) -> 104 | H16: =SUMIFS('2026 IB Shipments'!S$1:S$2239,'2026 IB Shipments'!K$1:K$2239,">="&DATE(2026,10,1),'2026 IB Shipments'!K$1:K$2239,"<"&DATE(2026,11,1)) -> 31024.1 | I16: =IFERROR(B16/D16,"") -> 0.37061452
A17: Nov | B17: =SUMIFS('2026 IB Shipments'!AB$1:AB$2239,'2026 IB Shipments'!K$1:K$2239,">="&DATE(2026,11,1),'2026 IB Shipments'!K$1:K$2239,"<"&DATE(2026,12,1)) -> 0 | C17: =SUMIFS('2026 IB Shipments'!AD$1:AD$2239,'2026 IB Shipments'!K$1:K$2239,">="&DATE(2026,11,1),'2026 IB Shipments'!K$1:K$2239,"<"&DATE(2026,12,1)) -> 0 | D17: =SUMIFS('2026 IB Shipments'!V$1:V$2239,'2026 IB Shipments'!K$1:K$2239,">="&DATE(2026,11,1),'2026 IB Shipments'!K$1:K$2239,"<"&DATE(2026,12,1)) -> 0 | E17: =SUMIFS('2026 IB Shipments'!AE$1:AE$2239,'2026 IB Shipments'!K$1:K$2239,">="&DATE(2026,11,1),'2026 IB Shipments'!K$1:K$2239,"<"&DATE(2026,12,1)) -> 0 | F17: =COUNTIFS('2026 IB Shipments'!K$1:K$2239,">="&DATE(2026,11,1),'2026 IB Shipments'!K$1:K$2239,"<"&DATE(2026,12,1)) -> 0 | G17: =SUMIFS('2026 IB Shipments'!U$1:U$2239,'2026 IB Shipments'!K$1:K$2239,">="&DATE(2026,11,1),'2026 IB Shipments'!K$1:K$2239,"<"&DATE(2026,12,1)) -> 0 | H17: =SUMIFS('2026 IB Shipments'!S$1:S$2239,'2026 IB Shipments'!K$1:K$2239,">="&DATE(2026,11,1),'2026 IB Shipments'!K$1:K$2239,"<"&DATE(2026,12,1)) -> 0 | I17: =IFERROR(B17/D17,"")
A18: Dec | B18: =SUMIFS('2026 IB Shipments'!AB$1:AB$2239,'2026 IB Shipments'!K$1:K$2239,">="&DATE(2026,12,1),'2026 IB Shipments'!K$1:K$2239,"<"&DATE(2026,13,1)) -> 0 | C18: =SUMIFS('2026 IB Shipments'!AD$1:AD$2239,'2026 IB Shipments'!K$1:K$2239,">="&DATE(2026,12,1),'2026 IB Shipments'!K$1:K$2239,"<"&DATE(2026,13,1)) -> 0 | D18: =SUMIFS('2026 IB Shipments'!V$1:V$2239,'2026 IB Shipments'!K$1:K$2239,">="&DATE(2026,12,1),'2026 IB Shipments'!K$1:K$2239,"<"&DATE(2026,13,1)) -> 0 | E18: =SUMIFS('2026 IB Shipments'!AE$1:AE$2239,'2026 IB Shipments'!K$1:K$2239,">="&DATE(2026,12,1),'2026 IB Shipments'!K$1:K$2239,"<"&DATE(2026,13,1)) -> 0 | F18: =COUNTIFS('2026 IB Shipments'!K$1:K$2239,">="&DATE(2026,12,1),'2026 IB Shipments'!K$1:K$2239,"<"&DATE(2026,13,1)) -> 0 | G18: =SUMIFS('2026 IB Shipments'!U$1:U$2239,'2026 IB Shipments'!K$1:K$2239,">="&DATE(2026,12,1),'2026 IB Shipments'!K$1:K$2239,"<"&DATE(2026,13,1)) -> 0 | H18: =SUMIFS('2026 IB Shipments'!S$1:S$2239,'2026 IB Shipments'!K$1:K$2239,">="&DATE(2026,12,1),'2026 IB Shipments'!K$1:K$2239,"<"&DATE(2026,13,1)) -> 0 | I18: =IFERROR(B18/D18,"")
A19: YTD | B19: =SUM(B7:B18) -> 1214854.6 | C19: =SUM(C7:C18) -> 811417.55 | D19: =SUM(D7:D18) -> 945373 | E19: =SUM(E7:E18) -> 83450816 | F19: =SUM(F7:F18) -> 1049 | G19: =SUM(G7:G18) -> 3137 | H19: =SUM(H7:H18) -> 1087557.1 | I19: =B36 -> 1.2850532
A22: YTD SUMMARY BY SUPPLIER
A24: Supplier | B24: Service Cost | C24: Cost Savings | D24: Units | E24: Cargo Value | F24: Shipments | G24: Pallets
A25: DENALI | B25: =SUMIF('2026 IB Shipments'!C$1:C$2239,"DENALI",'2026 IB Shipments'!AB$1:AB$2239) -> 894056.3 | C25: =SUMIF('2026 IB Shipments'!C$1:C$2239,"DENALI",'2026 IB Shipments'!AD$1:AD$2239) -> 470924.73 | D25: =SUMIF('2026 IB Shipments'!C$1:C$2239,"DENALI",'2026 IB Shipments'!V$1:V$2239) -> 925512 | E25: =SUMIF('2026 IB Shipments'!C$1:C$2239,"DENALI",'2026 IB Shipments'!AE$1:AE$2239) -> 65368834 | F25: =COUNTIF('2026 IB Shipments'!C$1:C$2239,"DENALI") -> 676 | G25: =SUMIF('2026 IB Shipments'!C$1:C$2239,"DENALI",'2026 IB Shipments'!U$1:U$2239) -> 2485
A26: EXPEDITORS | B26: =SUMIF('2026 IB Shipments'!C$1:C$2239,"EXPEDITORS",'2026 IB Shipments'!AB$1:AB$2239) -> 19605 | C26: =SUMIF('2026 IB Shipments'!C$1:C$2239,"EXPEDITORS",'2026 IB Shipments'!AD$1:AD$2239) -> 8095 | D26: =SUMIF('2026 IB Shipments'!C$1:C$2239,"EXPEDITORS",'2026 IB Shipments'!V$1:V$2239) -> 414 | E26: =SUMIF('2026 IB Shipments'!C$1:C$2239,"EXPEDITORS",'2026 IB Shipments'!AE$1:AE$2239) -> 289048.9 | F26: =COUNTIF('2026 IB Shipments'!C$1:C$2239,"EXPEDITORS") -> 3 | G26: =SUMIF('2026 IB Shipments'!C$1:C$2239,"EXPEDITORS",'2026 IB Shipments'!U$1:U$2239) -> 5
A27: SCHNEIDER ELECTRIC | B27: =SUMIF('2026 IB Shipments'!C$1:C$2239,"SCHNEIDER ELECTRIC",'2026 IB Shipments'!AB$1:AB$2239) -> 141208.06 | C27: =SUMIF('2026 IB Shipments'!C$1:C$2239,"SCHNEIDER ELECTRIC",'2026 IB Shipments'!AD$1:AD$2239) -> 160412.36 | D27: =SUMIF('2026 IB Shipments'!C$1:C$2239,"SCHNEIDER ELECTRIC",'2026 IB Shipments'!V$1:V$2239) -> 3490 | E27: =SUMIF('2026 IB Shipments'!C$1:C$2239,"SCHNEIDER ELECTRIC",'2026 IB Shipments'!AE$1:AE$2239) -> 10694253 | F27: =COUNTIF('2026 IB Shipments'!C$1:C$2239,"SCHNEIDER ELECTRIC") -> 305 | G27: =SUMIF('2026 IB Shipments'!C$1:C$2239,"SCHNEIDER ELECTRIC",'2026 IB Shipments'!U$1:U$2239) -> 549
A28: SHI | B28: =SUMIF('2026 IB Shipments'!C$1:C$2239,"SHI",'2026 IB Shipments'!AB$1:AB$2239) -> 69773.4 | C28: =SUMIF('2026 IB Shipments'!C$1:C$2239,"SHI",'2026 IB Shipments'!AD$1:AD$2239) -> 52826.6 | D28: =SUMIF('2026 IB Shipments'!C$1:C$2239,"SHI",'2026 IB Shipments'!V$1:V$2239) -> 3827 | E28: =SUMIF('2026 IB Shipments'!C$1:C$2239,"SHI",'2026 IB Shipments'!AE$1:AE$2239) -> 1737262.4 | F28: =COUNTIF('2026 IB Shipments'!C$1:C$2239,"SHI") -> 15 | G28: =SUMIF('2026 IB Shipments'!C$1:C$2239,"SHI",'2026 IB Shipments'!U$1:U$2239) -> 24
A29: WWT | B29: =SUMIF('2026 IB Shipments'!C$1:C$2239,"WWT",'2026 IB Shipments'!AB$1:AB$2239) -> 9020.8 | C29: =SUMIF('2026 IB Shipments'!C$1:C$2239,"WWT",'2026 IB Shipments'!AD$1:AD$2239) -> 10824.96 | D29: =SUMIF('2026 IB Shipments'!C$1:C$2239,"WWT",'2026 IB Shipments'!V$1:V$2239) -> 11255 | E29: =SUMIF('2026 IB Shipments'!C$1:C$2239,"WWT",'2026 IB Shipments'!AE$1:AE$2239) -> 3450664.1 | F29: =COUNTIF('2026 IB Shipments'!C$1:C$2239,"WWT") -> 32 | G29: =SUMIF('2026 IB Shipments'!C$1:C$2239,"WWT",'2026 IB Shipments'!U$1:U$2239) -> 43
A30: Site Transfer / Launch | B30: =SUMIFS('2026 IB Shipments'!AB$1:AB$2239,'2026 IB Shipments'!B$1:B$2239,"Site Transfer")+SUMIFS('2026 IB Shipments'!AB$1:AB$2239,'2026 IB Shipments'!B$1:B$2239,"Launch") -> 74184 | C30: =SUMIFS('2026 IB Shipments'!AD$1:AD$2239,'2026 IB Shipments'!B$1:B$2239,"Site Transfer")+SUMIFS('2026 IB Shipments'!AD$1:AD$2239,'2026 IB Shipments'!B$1:B$2239,"Launch") -> 104865.44 | D30: =SUMIFS('2026 IB Shipments'!V$1:V$2239,'2026 IB Shipments'!B$1:B$2239,"Site Transfer")+SUMIFS('2026 IB Shipments'!V$1:V$2239,'2026 IB Shipments'!B$1:B$2239,"Launch") -> 835 | E30: =SUMIFS('2026 IB Shipments'!AE$1:AE$2239,'2026 IB Shipments'!B$1:B$2239,"Site Transfer")+SUMIFS('2026 IB Shipments'!AE$1:AE$2239,'2026 IB Shipments'!B$1:B$2239,"Launch") -> 1910753.8 | F30: =COUNTIFS('2026 IB Shipments'!B$1:B$2239,"Site Transfer")+COUNTIFS('2026 IB Shipments'!B$1:B$2239,"Launch") -> 17 | G30: =SUMIFS('2026 IB Shipments'!U$1:U$2239,'2026 IB Shipments'!B$1:B$2239,"Site Transfer")+SUMIFS('2026 IB Shipments'!U$1:U$2239,'2026 IB Shipments'!B$1:B$2239,"Launch") -> 28
A33: YTD CALCULATED METRICS
A35: Metric | B35: YTD Total
A36: CPU (Cost / Unit) | B36: =IFERROR(B19/D19,"") -> 1.2850532
A37: Cost Per Shipment | B37: =IFERROR(B19/F19,"") -> 1158.1073
A38: Cost Per Pallet | B38: =IFERROR(B19/G19,"") -> 387.26636
A39: Cost Per Mile | B39: =IFERROR(B19/H19,"") -> 1.117049
A40: Cost as % of Cargo Value | B40: =IFERROR(B19/E19,"") -> 0.014557731
A41: Total Cost Savings | B41: =C19 -> 811417.55
A42: Savings % | B42: =IFERROR(C19/(B19+C19),"") -> 0.40044846
A45: ADMIN FEE AVOIDANCE (0.5% - Denali Only)
A47: Month | B47: Denali Cargo Value | C47: Admin Fee Avoidance (0.5%)
A48: Jan | B48: =SUMIFS('2026 IB Shipments'!AE$1:AE$2239,'2026 IB Shipments'!C$1:C$2239,"DENALI",'2026 IB Shipments'!K$1:K$2239,">="&DATE(2026,1,1),'2026 IB Shipments'!K$1:K$2239,"<"&DATE(2026,2,1)) -> 1881274.5 | C48: =B48*0.005 -> 9406.3727
A49: Feb | B49: =SUMIFS('2026 IB Shipments'!AE$1:AE$2239,'2026 IB Shipments'!C$1:C$2239,"DENALI",'2026 IB Shipments'!K$1:K$2239,">="&DATE(2026,2,1),'2026 IB Shipments'!K$1:K$2239,"<"&DATE(2026,3,1)) -> 4480411.1 | C49: =B49*0.005 -> 22402.055
A50: Mar | B50: =SUMIFS('2026 IB Shipments'!AE$1:AE$2239,'2026 IB Shipments'!C$1:C$2239,"DENALI",'2026 IB Shipments'!K$1:K$2239,">="&DATE(2026,3,1),'2026 IB Shipments'!K$1:K$2239,"<"&DATE(2026,4,1)) -> 7406281.9 | C50: =B50*0.005 -> 37031.409
A51: Apr | B51: =SUMIFS('2026 IB Shipments'!AE$1:AE$2239,'2026 IB Shipments'!C$1:C$2239,"DENALI",'2026 IB Shipments'!K$1:K$2239,">="&DATE(2026,4,1),'2026 IB Shipments'!K$1:K$2239,"<"&DATE(2026,5,1)) -> 11432827 | C51: =B51*0.005 -> 57164.134
A52: May | B52: =SUMIFS('2026 IB Shipments'!AE$1:AE$2239,'2026 IB Shipments'!C$1:C$2239,"DENALI",'2026 IB Shipments'!K$1:K$2239,">="&DATE(2026,5,1),'2026 IB Shipments'!K$1:K$2239,"<"&DATE(2026,6,1)) -> 6548061.3 | C52: =B52*0.005 -> 32740.306
A53: Jun | B53: =SUMIFS('2026 IB Shipments'!AE$1:AE$2239,'2026 IB Shipments'!C$1:C$2239,"DENALI",'2026 IB Shipments'!K$1:K$2239,">="&DATE(2026,6,1),'2026 IB Shipments'!K$1:K$2239,"<"&DATE(2026,7,1)) -> 8617288.4 | C53: =B53*0.005 -> 43086.442
A54: Jul | B54: =SUMIFS('2026 IB Shipments'!AE$1:AE$2239,'2026 IB Shipments'!C$1:C$2239,"DENALI",'2026 IB Shipments'!K$1:K$2239,">="&DATE(2026,7,1),'2026 IB Shipments'!K$1:K$2239,"<"&DATE(2026,8,1)) -> 7054951.9 | C54: =B54*0.005 -> 35274.759
A55: Aug | B55: =SUMIFS('2026 IB Shipments'!AE$1:AE$2239,'2026 IB Shipments'!C$1:C$2239,"DENALI",'2026 IB Shipments'!K$1:K$2239,">="&DATE(2026,8,1),'2026 IB Shipments'!K$1:K$2239,"<"&DATE(2026,9,1)) -> 9046999.2 | C55: =B55*0.005 -> 45234.996
A56: Sep | B56: =SUMIFS('2026 IB Shipments'!AE$1:AE$2239,'2026 IB Shipments'!C$1:C$2239,"DENALI",'2026 IB Shipments'!K$1:K$2239,">="&DATE(2026,9,1),'2026 IB Shipments'!K$1:K$2239,"<"&DATE(2026,10,1)) -> 4560510.9 | C56: =B56*0.005 -> 22802.554
A57: Oct | B57: =SUMIFS('2026 IB Shipments'!AE$1:AE$2239,'2026 IB Shipments'!C$1:C$2239,"DENALI",'2026 IB Shipments'!K$1:K$2239,">="&DATE(2026,10,1),'2026 IB Shipments'!K$1:K$2239,"<"&DATE(2026,11,1)) -> 4340227.7 | C57: =B57*0.005 -> 21701.139
A58: Nov | B58: =SUMIFS('2026 IB Shipments'!AE$1:AE$2239,'2026 IB Shipments'!C$1:C$2239,"DENALI",'2026 IB Shipments'!K$1:K$2239,">="&DATE(2026,11,1),'2026 IB Shipments'!K$1:K$2239,"<"&DATE(2026,12,1)) -> 0 | C58: =B58*0.005 -> 0
A59: Dec | B59: =SUMIFS('2026 IB Shipments'!AE$1:AE$2239,'2026 IB Shipments'!C$1:C$2239,"DENALI",'2026 IB Shipments'!K$1:K$2239,">="&DATE(2026,12,1),'2026 IB Shipments'!K$1:K$2239,"<"&DATE(2026,13,1)) -> 0 | C59: =B59*0.005 -> 0
A60: YTD | B60: =SUM(B48:B59) -> 65368834 | C60: =SUM(C48:C59) -> 326844.17
A63: MONTHLY COST PER SHIPMENT BY SUPPLIER
A65: Month | B65: Overall | C65: DENALI | D65: EXPEDITORS | E65: SCHNEIDER ELECTRIC | F65: SHI | G65: WWT
A66: Jan | B66: =IFERROR(B7/F7,"") -> 829.15079 | C66: =IFERROR(SUMIFS('2026 IB Shipments'!AB$1:AB$2239,'2026 IB Shipments'!C$1:C$2239,"DENALI",'2026 IB Shipments'!K$1:K$2239,">="&DATE(2026,1,1),'2026 IB Shipments'!K$1:K$2239,"<"&DATE(2026,2,1))/COUNTIFS('2026 IB Shipments'!C$1:C$2239,"DENALI",'2026 IB Shipments'!K$1:K$2239,">="&DATE(2026,1,1),'2026 IB Shipments'!K$1:K$2239,"<"&DATE(2026,2,1)),"") -> 1540.8718 | D66: =IFERROR(SUMIFS('2026 IB Shipments'!AB$1:AB$2239,'2026 IB Shipments'!C$1:C$2239,"EXPEDITORS",'2026 IB Shipments'!K$1:K$2239,">="&DATE(2026,1,1),'2026 IB Shipments'!K$1:K$2239,"<"&DATE(2026,2,1))/COUNTIFS('2026 IB Shipments'!C$1:C$2239,"EXPEDITORS",'2026 IB Shipments'!K$1:K$2239,">="&DATE(2026,1,1),'2026 IB Shipments'!K$1:K$2239,"<"&DATE(2026,2,1)),"") | E66: =IFERROR(SUMIFS('2026 IB Shipments'!AB$1:AB$2239,'2026 IB Shipments'!C$1:C$2239,"SCHNEIDER ELECTRIC",'2026 IB Shipments'!K$1:K$2239,">="&DATE(2026,1,1),'2026 IB Shipments'!K$1:K$2239,"<"&DATE(2026,2,1))/COUNTIFS('2026 IB Shipments'!C$1:C$2239,"SCHNEIDER ELECTRIC",'2026 IB Shipments'!K$1:K$2239,">="&DATE(2026,1,1),'2026 IB Shipments'!K$1:K$2239,"<"&DATE(2026,2,1)),"") -> 258.4125 | F66: =IFERROR(SUMIFS('2026 IB Shipments'!AB$1:AB$2239,'2026 IB Shipments'!C$1:C$2239,"SHI",'2026 IB Shipments'!K$1:K$2239,">="&DATE(2026,1,1),'2026 IB Shipments'!K$1:K$2239,"<"&DATE(2026,2,1))/COUNTIFS('2026 IB Shipments'!C$1:C$2239,"SHI",'2026 IB Shipments'!K$1:K$2239,">="&DATE(2026,1,1),'2026 IB Shipments'!K$1:K$2239,"<"&DATE(2026,2,1)),"") | G66: =IFERROR(SUMIFS('2026 IB Shipments'!AB$1:AB$2239,'2026 IB Shipments'!C$1:C$2239,"WWT",'2026 IB Shipments'!K$1:K$2239,">="&DATE(2026,1,1),'2026 IB Shipments'!K$1:K$2239,"<"&DATE(2026,2,1))/COUNTIFS('2026 IB Shipments'!C$1:C$2239,"WWT",'2026 IB Shipments'!K$1:K$2239,">="&DATE(2026,1,1),'2026 IB Shipments'!K$1:K$2239,"<"&DATE(2026,2,1)),"") -> 144.66
A67: Feb | B67: =IFERROR(B8/F8,"") -> 1584.4176 | C67: =IFERROR(SUMIFS('2026 IB Shipments'!AB$1:AB$2239,'2026 IB Shipments'!C$1:C$2239,"DENALI",'2026 IB Shipments'!K$1:K$2239,">="&DATE(2026,2,1),'2026 IB Shipments'!K$1:K$2239,"<"&DATE(2026,3,1))/COUNTIFS('2026 IB Shipments'!C$1:C$2239,"DENALI",'2026 IB Shipments'!K$1:K$2239,">="&DATE(2026,2,1),'2026 IB Shipments'!K$1:K$2239,"<"&DATE(2026,3,1)),"") -> 1738.7902 | D67: =IFERROR(SUMIFS('2026 IB Shipments'!AB$1:AB$2239,'2026 IB Shipments'!C$1:C$2239,"EXPEDITORS",'2026 IB Shipments'!K$1:K$2239,">="&DATE(2026,2,1),'2026 IB Shipments'!K$1:K$2239,"<"&DATE(2026,3,1))/COUNTIFS('2026 IB Shipments'!C$1:C$2239,"EXPEDITORS",'2026 IB Shipments'!K$1:K$2239,">="&DATE(2026,2,1),'2026 IB Shipments'!K$1:K$2239,"<"&DATE(2026,3,1)),"") | E67: =IFERROR(SUMIFS('2026 IB Shipments'!AB$1:AB$2239,'2026 IB Shipments'!C$1:C$2239,"SCHNEIDER ELECTRIC",'2026 IB Shipments'!K$1:K$2239,">="&DATE(2026,2,1),'2026 IB Shipments'!K$1:K$2239,"<"&DATE(2026,3,1))/COUNTIFS('2026 IB Shipments'!C$1:C$2239,"SCHNEIDER ELECTRIC",'2026 IB Shipments'!K$1:K$2239,">="&DATE(2026,2,1),'2026 IB Shipments'!K$1:K$2239,"<"&DATE(2026,3,1)),"") -> 619.58875 | F67: =IFERROR(SUMIFS('2026 IB Shipments'!AB$1:AB$2239,'2026 IB Shipments'!C$1:C$2239,"SHI",'2026 IB Shipments'!K$1:K$2239,">="&DATE(2026,2,1),'2026 IB Shipments'!K$1:K$2239,"<"&DATE(2026,3,1))/COUNTIFS('2026 IB Shipments'!C$1:C$2239,"SHI",'2026 IB Shipments'!K$1:K$2239,">="&DATE(2026,2,1),'2026 IB Shipments'!K$1:K$2239,"<"&DATE(2026,3,1)),"") | G67: =IFERROR(SUMIFS('2026 IB Shipments'!AB$1:AB$2239,'2026 IB Shipments'!C$1:C$2239,"WWT",'2026 IB Shipments'!K$1:K$2239,">="&DATE(2026,2,1),'2026 IB Shipments'!K$1:K$2239,"<"&DATE(2026,3,1))/COUNTIFS('2026 IB Shipments'!C$1:C$2239,"WWT",'2026 IB Shipments'!K$1:K$2239,">="&DATE(2026,2,1),'2026 IB Shipments'!K$1:K$2239,"<"&DATE(2026,3,1)),"")
A68: Mar | B68: =IFERROR(B9/F9,"") -> 745.06079 | C68: =IFERROR(SUMIFS('2026 IB Shipments'!AB$1:AB$2239,'2026 IB Shipments'!C$1:C$2239,"DENALI",'2026 IB Shipments'!K$1:K$2239,">="&DATE(2026,3,1),'2026 IB Shipments'!K$1:K$2239,"<"&DATE(2026,4,1))/COUNTIFS('2026 IB Shipments'!C$1:C$2239,"DENALI",'2026 IB Shipments'!K$1:K$2239,">="&DATE(2026,3,1),'2026 IB Shipments'!K$1:K$2239,"<"&DATE(2026,4,1)),"") -> 903.51644 | D68: =IFERROR(SUMIFS('2026 IB Shipments'!AB$1:AB$2239,'2026 IB Shipments'!C$1:C$2239,"EXPEDITORS",'2026 IB Shipments'!K$1:K$2239,">="&DATE(2026,3,1),'2026 IB Shipments'!K$1:K$2239,"<"&DATE(2026,4,1))/COUNTIFS('2026 IB Shipments'!C$1:C$2239,"EXPEDITORS",'2026 IB Shipments'!K$1:K$2239,">="&DATE(2026,3,1),'2026 IB Shipments'!K$1:K$2239,"<"&DATE(2026,4,1)),"") | E68: =IFERROR(SUMIFS('2026 IB Shipments'!AB$1:AB$2239,'2026 IB Shipments'!C$1:C$2239,"SCHNEIDER ELECTRIC",'2026 IB Shipments'!K$1:K$2239,">="&DATE(2026,3,1),'2026 IB Shipments'!K$1:K$2239,"<"&DATE(2026,4,1))/COUNTIFS('2026 IB Shipments'!C$1:C$2239,"SCHNEIDER ELECTRIC",'2026 IB Shipments'!K$1:K$2239,">="&DATE(2026,3,1),'2026 IB Shipments'!K$1:K$2239,"<"&DATE(2026,4,1)),"") -> 355.51517 | F68: =IFERROR(SUMIFS('2026 IB Shipments'!AB$1:AB$2239,'2026 IB Shipments'!C$1:C$2239,"SHI",'2026 IB Shipments'!K$1:K$2239,">="&DATE(2026,3,1),'2026 IB Shipments'!K$1:K$2239,"<"&DATE(2026,4,1))/COUNTIFS('2026 IB Shipments'!C$1:C$2239,"SHI",'2026 IB Shipments'!K$1:K$2239,">="&DATE(2026,3,1),'2026 IB Shipments'!K$1:K$2239,"<"&DATE(2026,4,1)),"") | G68: =IFERROR(SUMIFS('2026 IB Shipments'!AB$1:AB$2239,'2026 IB Shipments'!C$1:C$2239,"WWT",'2026 IB Shipments'!K$1:K$2239,">="&DATE(2026,3,1),'2026 IB Shipments'!K$1:K$2239,"<"&DATE(2026,4,1))/COUNTIFS('2026 IB Shipments'!C$1:C$2239,"WWT",'2026 IB Shipments'!K$1:K$2239,">="&DATE(2026,3,1),'2026 IB Shipments'!K$1:K$2239,"<"&DATE(2026,4,1)),"")
A69: Apr | B69: =IFERROR(B10/F10,"") -> 1077.4397 | C69: =IFERROR(SUMIFS('2026 IB Shipments'!AB$1:AB$2239,'2026 IB Shipments'!C$1:C$2239,"DENALI",'2026 IB Shipments'!K$1:K$2239,">="&DATE(2026,4,1),'2026 IB Shipments'!K$1:K$2239,"<"&DATE(2026,5,1))/COUNTIFS('2026 IB Shipments'!C$1:C$2239,"DENALI",'2026 IB Shipments'!K$1:K$2239,">="&DATE(2026,4,1),'2026 IB Shipments'!K$1:K$2239,"<"&DATE(2026,5,1)),"") -> 1225.9085 | D69: =IFERROR(SUMIFS('2026 IB Shipments'!AB$1:AB$2239,'2026 IB Shipments'!C$1:C$2239,"EXPEDITORS",'2026 IB Shipments'!K$1:K$2239,">="&DATE(2026,4,1),'2026 IB Shipments'!K$1:K$2239,"<"&DATE(2026,5,1))/COUNTIFS('2026 IB Shipments'!C$1:C$2239,"EXPEDITORS",'2026 IB Shipments'!K$1:K$2239,">="&DATE(2026,4,1),'2026 IB Shipments'!K$1:K$2239,"<"&DATE(2026,5,1)),"") | E69: =IFERROR(SUMIFS('2026 IB Shipments'!AB$1:AB$2239,'2026 IB Shipments'!C$1:C$2239,"SCHNEIDER ELECTRIC",'2026 IB Shipments'!K$1:K$2239,">="&DATE(2026,4,1),'2026 IB Shipments'!K$1:K$2239,"<"&DATE(2026,5,1))/COUNTIFS('2026 IB Shipments'!C$1:C$2239,"SCHNEIDER ELECTRIC",'2026 IB Shipments'!K$1:K$2239,">="&DATE(2026,4,1),'2026 IB Shipments'!K$1:K$2239,"<"&DATE(2026,5,1)),"") -> 671.625 | F69: =IFERROR(SUMIFS('2026 IB Shipments'!AB$1:AB$2239,'2026 IB Shipments'!C$1:C$2239,"SHI",'2026 IB Shipments'!K$1:K$2239,">="&DATE(2026,4,1),'2026 IB Shipments'!K$1:K$2239,"<"&DATE(2026,5,1))/COUNTIFS('2026 IB Shipments'!C$1:C$2239,"SHI",'2026 IB Shipments'!K$1:K$2239,">="&DATE(2026,4,1),'2026 IB Shipments'!K$1:K$2239,"<"&DATE(2026,5,1)),"") | G69: =IFERROR(SUMIFS('2026 IB Shipments'!AB$1:AB$2239,'2026 IB Shipments'!C$1:C$2239,"WWT",'2026 IB Shipments'!K$1:K$2239,">="&DATE(2026,4,1),'2026 IB Shipments'!K$1:K$2239,"<"&DATE(2026,5,1))/COUNTIFS('2026 IB Shipments'!C$1:C$2239,"WWT",'2026 IB Shipments'!K$1:K$2239,">="&DATE(2026,4,1),'2026 IB Shipments'!K$1:K$2239,"<"&DATE(2026,5,1)),"")
A70: May | B70: =IFERROR(B11/F11,"") -> 1001.7403 | C70: =IFERROR(SUMIFS('2026 IB Shipments'!AB$1:AB$2239,'2026 IB Shipments'!C$1:C$2239,"DENALI",'2026 IB Shipments'!K$1:K$2239,">="&DATE(2026,5,1),'2026 IB Shipments'!K$1:K$2239,"<"&DATE(2026,6,1))/COUNTIFS('2026 IB Shipments'!C$1:C$2239,"DENALI",'2026 IB Shipments'!K$1:K$2239,">="&DATE(2026,5,1),'2026 IB Shipments'!K$1:K$2239,"<"&DATE(2026,6,1)),"") -> 1075.0475 | D70: =IFERROR(SUMIFS('2026 IB Shipments'!AB$1:AB$2239,'2026 IB Shipments'!C$1:C$2239,"EXPEDITORS",'2026 IB Shipments'!K$1:K$2239,">="&DATE(2026,5,1),'2026 IB Shipments'!K$1:K$2239,"<"&DATE(2026,6,1))/COUNTIFS('2026 IB Shipments'!C$1:C$2239,"EXPEDITORS",'2026 IB Shipments'!K$1:K$2239,">="&DATE(2026,5,1),'2026 IB Shipments'!K$1:K$2239,"<"&DATE(2026,6,1)),"") | E70: =IFERROR(SUMIFS('2026 IB Shipments'!AB$1:AB$2239,'2026 IB Shipments'!C$1:C$2239,"SCHNEIDER ELECTRIC",'2026 IB Shipments'!K$1:K$2239,">="&DATE(2026,5,1),'2026 IB Shipments'!K$1:K$2239,"<"&DATE(2026,6,1))/COUNTIFS('2026 IB Shipments'!C$1:C$2239,"SCHNEIDER ELECTRIC",'2026 IB Shipments'!K$1:K$2239,">="&DATE(2026,5,1),'2026 IB Shipments'!K$1:K$2239,"<"&DATE(2026,6,1)),"") -> 381.96091 | F70: =IFERROR(SUMIFS('2026 IB Shipments'!AB$1:AB$2239,'2026 IB Shipments'!C$1:C$2239,"SHI",'2026 IB Shipments'!K$1:K$2239,">="&DATE(2026,5,1),'2026 IB Shipments'!K$1:K$2239,"<"&DATE(2026,6,1))/COUNTIFS('2026 IB Shipments'!C$1:C$2239,"SHI",'2026 IB Shipments'!K$1:K$2239,">="&DATE(2026,5,1),'2026 IB Shipments'!K$1:K$2239,"<"&DATE(2026,6,1)),"") | G70: =IFERROR(SUMIFS('2026 IB Shipments'!AB$1:AB$2239,'2026 IB Shipments'!C$1:C$2239,"WWT",'2026 IB Shipments'!K$1:K$2239,">="&DATE(2026,5,1),'2026 IB Shipments'!K$1:K$2239,"<"&DATE(2026,6,1))/COUNTIFS('2026 IB Shipments'!C$1:C$2239,"WWT",'2026 IB Shipments'!K$1:K$2239,">="&DATE(2026,5,1),'2026 IB Shipments'!K$1:K$2239,"<"&DATE(2026,6,1)),"")
A71: Jun | B71: =IFERROR(B12/F12,"") -> 1629.9466 | C71: =IFERROR(SUMIFS('2026 IB Shipments'!AB$1:AB$2239,'2026 IB Shipments'!C$1:C$2239,"DENALI",'2026 IB Shipments'!K$1:K$2239,">="&DATE(2026,6,1),'2026 IB Shipments'!K$1:K$2239,"<"&DATE(2026,7,1))/COUNTIFS('2026 IB Shipments'!C$1:C$2239,"DENALI",'2026 IB Shipments'!K$1:K$2239,">="&DATE(2026,6,1),'2026 IB Shipments'!K$1:K$2239,"<"&DATE(2026,7,1)),"") -> 1870.356 | D71: =IFERROR(SUMIFS('2026 IB Shipments'!AB$1:AB$2239,'2026 IB Shipments'!C$1:C$2239,"EXPEDITORS",'2026 IB Shipments'!K$1:K$2239,">="&DATE(2026,6,1),'2026 IB Shipments'!K$1:K$2239,"<"&DATE(2026,7,1))/COUNTIFS('2026 IB Shipments'!C$1:C$2239,"EXPEDITORS",'2026 IB Shipments'!K$1:K$2239,">="&DATE(2026,6,1),'2026 IB Shipments'!K$1:K$2239,"<"&DATE(2026,7,1)),"") | E71: =IFERROR(SUMIFS('2026 IB Shipments'!AB$1:AB$2239,'2026 IB Shipments'!C$1:C$2239,"SCHNEIDER ELECTRIC",'2026 IB Shipments'!K$1:K$2239,">="&DATE(2026,6,1),'2026 IB Shipments'!K$1:K$2239,"<"&DATE(2026,7,1))/COUNTIFS('2026 IB Shipments'!C$1:C$2239,"SCHNEIDER ELECTRIC",'2026 IB Shipments'!K$1:K$2239,">="&DATE(2026,6,1),'2026 IB Shipments'!K$1:K$2239,"<"&DATE(2026,7,1)),"") -> 273.45222 | F71: =IFERROR(SUMIFS('2026 IB Shipments'!AB$1:AB$2239,'2026 IB Shipments'!C$1:C$2239,"SHI",'2026 IB Shipments'!K$1:K$2239,">="&DATE(2026,6,1),'2026 IB Shipments'!K$1:K$2239,"<"&DATE(2026,7,1))/COUNTIFS('2026 IB Shipments'!C$1:C$2239,"SHI",'2026 IB Shipments'!K$1:K$2239,">="&DATE(2026,6,1),'2026 IB Shipments'!K$1:K$2239,"<"&DATE(2026,7,1)),"") | G71: =IFERROR(SUMIFS('2026 IB Shipments'!AB$1:AB$2239,'2026 IB Shipments'!C$1:C$2239,"WWT",'2026 IB Shipments'!K$1:K$2239,">="&DATE(2026,6,1),'2026 IB Shipments'!K$1:K$2239,"<"&DATE(2026,7,1))/COUNTIFS('2026 IB Shipments'!C$1:C$2239,"WWT",'2026 IB Shipments'!K$1:K$2239,">="&DATE(2026,6,1),'2026 IB Shipments'!K$1:K$2239,"<"&DATE(2026,7,1)),"") -> 203.26
A72: Jul | B72: =IFERROR(B13/F13,"") -> 1232.0543 | C72: =IFERROR(SUMIFS('2026 IB Shipments'!AB$1:AB$2239,'2026 IB Shipments'!C$1:C$2239,"DENALI",'2026 IB Shipments'!K$1:K$2239,">="&DATE(2026,7,1),'2026 IB Shipments'!K$1:K$2239,"<"&DATE(2026,8,1))/COUNTIFS('2026 IB Shipments'!C$1:C$2239,"DENALI",'2026 IB Shipments'!K$1:K$2239,">="&DATE(2026,7,1),'2026 IB Shipments'!K$1:K$2239,"<"&DATE(2026,8,1)),"") -> 1475.4686 | D72: =IFERROR(SUMIFS('2026 IB Shipments'!AB$1:AB$2239,'2026 IB Shipments'!C$1:C$2239,"EXPEDITORS",'2026 IB Shipments'!K$1:K$2239,">="&DATE(2026,7,1),'2026 IB Shipments'!K$1:K$2239,"<"&DATE(2026,8,1))/COUNTIFS('2026 IB Shipments'!C$1:C$2239,"EXPEDITORS",'2026 IB Shipments'!K$1:K$2239,">="&DATE(2026,7,1),'2026 IB Shipments'!K$1:K$2239,"<"&DATE(2026,8,1)),"") | E72: =IFERROR(SUMIFS('2026 IB Shipments'!AB$1:AB$2239,'2026 IB Shipments'!C$1:C$2239,"SCHNEIDER ELECTRIC",'2026 IB Shipments'!K$1:K$2239,">="&DATE(2026,7,1),'2026 IB Shipments'!K$1:K$2239,"<"&DATE(2026,8,1))/COUNTIFS('2026 IB Shipments'!C$1:C$2239,"SCHNEIDER ELECTRIC",'2026 IB Shipments'!K$1:K$2239,">="&DATE(2026,7,1),'2026 IB Shipments'!K$1:K$2239,"<"&DATE(2026,8,1)),"") -> 407.03618 | F72: =IFERROR(SUMIFS('2026 IB Shipments'!AB$1:AB$2239,'2026 IB Shipments'!C$1:C$2239,"SHI",'2026 IB Shipments'!K$1:K$2239,">="&DATE(2026,7,1),'2026 IB Shipments'!K$1:K$2239,"<"&DATE(2026,8,1))/COUNTIFS('2026 IB Shipments'!C$1:C$2239,"SHI",'2026 IB Shipments'!K$1:K$2239,">="&DATE(2026,7,1),'2026 IB Shipments'!K$1:K$2239,"<"&DATE(2026,8,1)),"") -> 4900.1714 | G72: =IFERROR(SUMIFS('2026 IB Shipments'!AB$1:AB$2239,'2026 IB Shipments'!C$1:C$2239,"WWT",'2026 IB Shipments'!K$1:K$2239,">="&DATE(2026,7,1),'2026 IB Shipments'!K$1:K$2239,"<"&DATE(2026,8,1))/COUNTIFS('2026 IB Shipments'!C$1:C$2239,"WWT",'2026 IB Shipments'!K$1:K$2239,">="&DATE(2026,7,1),'2026 IB Shipments'!K$1:K$2239,"<"&DATE(2026,8,1)),"") -> 180.66
A73: Aug | B73: =IFERROR(B14/F14,"") -> 1080.5756 | C73: =IFERROR(SUMIFS('2026 IB Shipments'!AB$1:AB$2239,'2026 IB Shipments'!C$1:C$2239,"DENALI",'2026 IB Shipments'!K$1:K$2239,">="&DATE(2026,8,1),'2026 IB Shipments'!K$1:K$2239,"<"&DATE(2026,9,1))/COUNTIFS('2026 IB Shipments'!C$1:C$2239,"DENALI",'2026 IB Shipments'!K$1:K$2239,">="&DATE(2026,8,1),'2026 IB Shipments'!K$1:K$2239,"<"&DATE(2026,9,1)),"") -> 1132.9629 | D73: =IFERROR(SUMIFS('2026 IB Shipments'!AB$1:AB$2239,'2026 IB Shipments'!C$1:C$2239,"EXPEDITORS",'2026 IB Shipments'!K$1:K$2239,">="&DATE(2026,8,1),'2026 IB Shipments'!K$1:K$2239,"<"&DATE(2026,9,1))/COUNTIFS('2026 IB Shipments'!C$1:C$2239,"EXPEDITORS",'2026 IB Shipments'!K$1:K$2239,">="&DATE(2026,8,1),'2026 IB Shipments'!K$1:K$2239,"<"&DATE(2026,9,1)),"") -> 7252.5 | E73: =IFERROR(SUMIFS('2026 IB Shipments'!AB$1:AB$2239,'2026 IB Shipments'!C$1:C$2239,"SCHNEIDER ELECTRIC",'2026 IB Shipments'!K$1:K$2239,">="&DATE(2026,8,1),'2026 IB Shipments'!K$1:K$2239,"<"&DATE(2026,9,1))/COUNTIFS('2026 IB Shipments'!C$1:C$2239,"SCHNEIDER ELECTRIC",'2026 IB Shipments'!K$1:K$2239,">="&DATE(2026,8,1),'2026 IB Shipments'!K$1:K$2239,"<"&DATE(2026,9,1)),"") -> 328.97947 | F73: =IFERROR(SUMIFS('2026 IB Shipments'!AB$1:AB$2239,'2026 IB Shipments'!C$1:C$2239,"SHI",'2026 IB Shipments'!K$1:K$2239,">="&DATE(2026,8,1),'2026 IB Shipments'!K$1:K$2239,"<"&DATE(2026,9,1))/COUNTIFS('2026 IB Shipments'!C$1:C$2239,"SHI",'2026 IB Shipments'!K$1:K$2239,">="&DATE(2026,8,1),'2026 IB Shipments'!K$1:K$2239,"<"&DATE(2026,9,1)),"") -> 1171 | G73: =IFERROR(SUMIFS('2026 IB Shipments'!AB$1:AB$2239,'2026 IB Shipments'!C$1:C$2239,"WWT",'2026 IB Shipments'!K$1:K$2239,">="&DATE(2026,8,1),'2026 IB Shipments'!K$1:K$2239,"<"&DATE(2026,9,1))/COUNTIFS('2026 IB Shipments'!C$1:C$2239,"WWT",'2026 IB Shipments'!K$1:K$2239,">="&DATE(2026,8,1),'2026 IB Shipments'!K$1:K$2239,"<"&DATE(2026,9,1)),"") -> 240.06769
A74: Sep | B74: =IFERROR(B15/F15,"") -> 1003.4099 | C74: =IFERROR(SUMIFS('2026 IB Shipments'!AB$1:AB$2239,'2026 IB Shipments'!C$1:C$2239,"DENALI",'2026 IB Shipments'!K$1:K$2239,">="&DATE(2026,9,1),'2026 IB Shipments'!K$1:K$2239,"<"&DATE(2026,10,1))/COUNTIFS('2026 IB Shipments'!C$1:C$2239,"DENALI",'2026 IB Shipments'!K$1:K$2239,">="&DATE(2026,9,1),'2026 IB Shipments'!K$1:K$2239,"<"&DATE(2026,10,1)),"") -> 857.10887 | D74: =IFERROR(SUMIFS('2026 IB Shipments'!AB$1:AB$2239,'2026 IB Shipments'!C$1:C$2239,"EXPEDITORS",'2026 IB Shipments'!K$1:K$2239,">="&DATE(2026,9,1),'2026 IB Shipments'!K$1:K$2239,"<"&DATE(2026,10,1))/COUNTIFS('2026 IB Shipments'!C$1:C$2239,"EXPEDITORS",'2026 IB Shipments'!K$1:K$2239,">="&DATE(2026,9,1),'2026 IB Shipments'!K$1:K$2239,"<"&DATE(2026,10,1)),"") -> 5100 | E74: =IFERROR(SUMIFS('2026 IB Shipments'!AB$1:AB$2239,'2026 IB Shipments'!C$1:C$2239,"SCHNEIDER ELECTRIC",'2026 IB Shipments'!K$1:K$2239,">="&DATE(2026,9,1),'2026 IB Shipments'!K$1:K$2239,"<"&DATE(2026,10,1))/COUNTIFS('2026 IB Shipments'!C$1:C$2239,"SCHNEIDER ELECTRIC",'2026 IB Shipments'!K$1:K$2239,">="&DATE(2026,9,1),'2026 IB Shipments'!K$1:K$2239,"<"&DATE(2026,10,1)),"") -> 597.38772 | F74: =IFERROR(SUMIFS('2026 IB Shipments'!AB$1:AB$2239,'2026 IB Shipments'!C$1:C$2239,"SHI",'2026 IB Shipments'!K$1:K$2239,">="&DATE(2026,9,1),'2026 IB Shipments'!K$1:K$2239,"<"&DATE(2026,10,1))/COUNTIFS('2026 IB Shipments'!C$1:C$2239,"SHI",'2026 IB Shipments'!K$1:K$2239,">="&DATE(2026,9,1),'2026 IB Shipments'!K$1:K$2239,"<"&DATE(2026,10,1)),"") | G74: =IFERROR(SUMIFS('2026 IB Shipments'!AB$1:AB$2239,'2026 IB Shipments'!C$1:C$2239,"WWT",'2026 IB Shipments'!K$1:K$2239,">="&DATE(2026,9,1),'2026 IB Shipments'!K$1:K$2239,"<"&DATE(2026,10,1))/COUNTIFS('2026 IB Shipments'!C$1:C$2239,"WWT",'2026 IB Shipments'!K$1:K$2239,">="&DATE(2026,9,1),'2026 IB Shipments'!K$1:K$2239,"<"&DATE(2026,10,1)),"") -> 362.07
A75: Oct | B75: =IFERROR(B16/F16,"") -> 1446.6706 | C75: =IFERROR(SUMIFS('2026 IB Shipments'!AB$1:AB$2239,'2026 IB Shipments'!C$1:C$2239,"DENALI",'2026 IB Shipments'!K$1:K$2239,">="&DATE(2026,10,1),'2026 IB Shipments'!K$1:K$2239,"<"&DATE(2026,11,1))/COUNTIFS('2026 IB Shipments'!C$1:C$2239,"DENALI",'2026 IB Shipments'!K$1:K$2239,">="&DATE(2026,10,1),'2026 IB Shipments'!K$1:K$2239,"<"&DATE(2026,11,1)),"") -> 1408.9608 | D75: =IFERROR(SUMIFS('2026 IB Shipments'!AB$1:AB$2239,'2026 IB Shipments'!C$1:C$2239,"EXPEDITORS",'2026 IB Shipments'!K$1:K$2239,">="&DATE(2026,10,1),'2026 IB Shipments'!K$1:K$2239,"<"&DATE(2026,11,1))/COUNTIFS('2026 IB Shipments'!C$1:C$2239,"EXPEDITORS",'2026 IB Shipments'!K$1:K$2239,">="&DATE(2026,10,1),'2026 IB Shipments'!K$1:K$2239,"<"&DATE(2026,11,1)),"") | E75: =IFERROR(SUMIFS('2026 IB Shipments'!AB$1:AB$2239,'2026 IB Shipments'!C$1:C$2239,"SCHNEIDER ELECTRIC",'2026 IB Shipments'!K$1:K$2239,">="&DATE(2026,10,1),'2026 IB Shipments'!K$1:K$2239,"<"&DATE(2026,11,1))/COUNTIFS('2026 IB Shipments'!C$1:C$2239,"SCHNEIDER ELECTRIC",'2026 IB Shipments'!K$1:K$2239,">="&DATE(2026,10,1),'2026 IB Shipments'!K$1:K$2239,"<"&DATE(2026,11,1)),"") -> 915.12 | F75: =IFERROR(SUMIFS('2026 IB Shipments'!AB$1:AB$2239,'2026 IB Shipments'!C$1:C$2239,"SHI",'2026 IB Shipments'!K$1:K$2239,">="&DATE(2026,10,1),'2026 IB Shipments'!K$1:K$2239,"<"&DATE(2026,11,1))/COUNTIFS('2026 IB Shipments'!C$1:C$2239,"SHI",'2026 IB Shipments'!K$1:K$2239,">="&DATE(2026,10,1),'2026 IB Shipments'!K$1:K$2239,"<"&DATE(2026,11,1)),"") | G75: =IFERROR(SUMIFS('2026 IB Shipments'!AB$1:AB$2239,'2026 IB Shipments'!C$1:C$2239,"WWT",'2026 IB Shipments'!K$1:K$2239,">="&DATE(2026,10,1),'2026 IB Shipments'!K$1:K$2239,"<"&DATE(2026,11,1))/COUNTIFS('2026 IB Shipments'!C$1:C$2239,"WWT",'2026 IB Shipments'!K$1:K$2239,">="&DATE(2026,10,1),'2026 IB Shipments'!K$1:K$2239,"<"&DATE(2026,11,1)),"") -> 274.41333
A76: Nov | B76: =IFERROR(B17/F17,"") | C76: =IFERROR(SUMIFS('2026 IB Shipments'!AB$1:AB$2239,'2026 IB Shipments'!C$1:C$2239,"DENALI",'2026 IB Shipments'!K$1:K$2239,">="&DATE(2026,11,1),'2026 IB Shipments'!K$1:K$2239,"<"&DATE(2026,12,1))/COUNTIFS('2026 IB Shipments'!C$1:C$2239,"DENALI",'2026 IB Shipments'!K$1:K$2239,">="&DATE(2026,11,1),'2026 IB Shipments'!K$1:K$2239,"<"&DATE(2026,12,1)),"") | D76: =IFERROR(SUMIFS('2026 IB Shipments'!AB$1:AB$2239,'2026 IB Shipments'!C$1:C$2239,"EXPEDITORS",'2026 IB Shipments'!K$1:K$2239,">="&DATE(2026,11,1),'2026 IB Shipments'!K$1:K$2239,"<"&DATE(2026,12,1))/COUNTIFS('2026 IB Shipments'!C$1:C$2239,"EXPEDITORS",'2026 IB Shipments'!K$1:K$2239,">="&DATE(2026,11,1),'2026 IB Shipments'!K$1:K$2239,"<"&DATE(2026,12,1)),"") | E76: =IFERROR(SUMIFS('2026 IB Shipments'!AB$1:AB$2239,'2026 IB Shipments'!C$1:C$2239,"SCHNEIDER ELECTRIC",'2026 IB Shipments'!K$1:K$2239,">="&DATE(2026,11,1),'2026 IB Shipments'!K$1:K$2239,"<"&DATE(2026,12,1))/COUNTIFS('2026 IB Shipments'!C$1:C$2239,"SCHNEIDER ELECTRIC",'2026 IB Shipments'!K$1:K$2239,">="&DATE(2026,11,1),'2026 IB Shipments'!K$1:K$2239,"<"&DATE(2026,12,1)),"") | F76: =IFERROR(SUMIFS('2026 IB Shipments'!AB$1:AB$2239,'2026 IB Shipments'!C$1:C$2239,"SHI",'2026 IB Shipments'!K$1:K$2239,">="&DATE(2026,11,1),'2026 IB Shipments'!K$1:K$2239,"<"&DATE(2026,12,1))/COUNTIFS('2026 IB Shipments'!C$1:C$2239,"SHI",'2026 IB Shipments'!K$1:K$2239,">="&DATE(2026,11,1),'2026 IB Shipments'!K$1:K$2239,"<"&DATE(2026,12,1)),"") | G76: =IFERROR(SUMIFS('2026 IB Shipments'!AB$1:AB$2239,'2026 IB Shipments'!C$1:C$2239,"WWT",'2026 IB Shipments'!K$1:K$2239,">="&DATE(2026,11,1),'2026 IB Shipments'!K$1:K$2239,"<"&DATE(2026,12,1))/COUNTIFS('2026 IB Shipments'!C$1:C$2239,"WWT",'2026 IB Shipments'!K$1:K$2239,">="&DATE(2026,11,1),'2026 IB Shipments'!K$1:K$2239,"<"&DATE(2026,12,1)),"")
A77: Dec | B77: =IFERROR(B18/F18,"") | C77: =IFERROR(SUMIFS('2026 IB Shipments'!AB$1:AB$2239,'2026 IB Shipments'!C$1:C$2239,"DENALI",'2026 IB Shipments'!K$1:K$2239,">="&DATE(2026,12,1),'2026 IB Shipments'!K$1:K$2239,"<"&DATE(2026,13,1))/COUNTIFS('2026 IB Shipments'!C$1:C$2239,"DENALI",'2026 IB Shipments'!K$1:K$2239,">="&DATE(2026,12,1),'2026 IB Shipments'!K$1:K$2239,"<"&DATE(2026,13,1)),"") | D77: =IFERROR(SUMIFS('2026 IB Shipments'!AB$1:AB$2239,'2026 IB Shipments'!C$1:C$2239,"EXPEDITORS",'2026 IB Shipments'!K$1:K$2239,">="&DATE(2026,12,1),'2026 IB Shipments'!K$1:K$2239,"<"&DATE(2026,13,1))/COUNTIFS('2026 IB Shipments'!C$1:C$2239,"EXPEDITORS",'2026 IB Shipments'!K$1:K$2239,">="&DATE(2026,12,1),'2026 IB Shipments'!K$1:K$2239,"<"&DATE(2026,13,1)),"") | E77: =IFERROR(SUMIFS('2026 IB Shipments'!AB$1:AB$2239,'2026 IB Shipments'!C$1:C$2239,"SCHNEIDER ELECTRIC",'2026 IB Shipments'!K$1:K$2239,">="&DATE(2026,12,1),'2026 IB Shipments'!K$1:K$2239,"<"&DATE(2026,13,1))/COUNTIFS('2026 IB Shipments'!C$1:C$2239,"SCHNEIDER ELECTRIC",'2026 IB Shipments'!K$1:K$2239,">="&DATE(2026,12,1),'2026 IB Shipments'!K$1:K$2239,"<"&DATE(2026,13,1)),"") | F77: =IFERROR(SUMIFS('2026 IB Shipments'!AB$1:AB$2239,'2026 IB Shipments'!C$1:C$2239,"SHI",'2026 IB Shipments'!K$1:K$2239,">="&DATE(2026,12,1),'2026 IB Shipments'!K$1:K$2239,"<"&DATE(2026,13,1))/COUNTIFS('2026 IB Shipments'!C$1:C$2239,"SHI",'2026 IB Shipments'!K$1:K$2239,">="&DATE(2026,12,1),'2026 IB Shipments'!K$1:K$2239,"<"&DATE(2026,13,1)),"") | G77: =IFERROR(SUMIFS('2026 IB Shipments'!AB$1:AB$2239,'2026 IB Shipments'!C$1:C$2239,"WWT",'2026 IB Shipments'!K$1:K$2239,">="&DATE(2026,12,1),'2026 IB Shipments'!K$1:K$2239,"<"&DATE(2026,13,1))/COUNTIFS('2026 IB Shipments'!C$1:C$2239,"WWT",'2026 IB Shipments'!K$1:K$2239,">="&DATE(2026,12,1),'2026 IB Shipments'!K$1:K$2239,"<"&DATE(2026,13,1)),"")
A81: ON-TIME DELIVERY (Freight)
A83: Month | B83: Total Shipments | C83: On-Time | D83: On-Time %
A84: Jan | B84: =COUNTIFS('2026 IB Shipments'!K$1:K$2239,">="&DATE(2026,1,1),'2026 IB Shipments'!K$1:K$2239,"<"&DATE(2026,2,1),'2026 IB Shipments'!P$1:P$2239,"<>") -> 38 | C84: =COUNTIFS('2026 IB Shipments'!K$1:K$2239,">="&DATE(2026,1,1),'2026 IB Shipments'!K$1:K$2239,"<"&DATE(2026,2,1),'2026 IB Shipments'!P$1:P$2239,"Yes") -> 36 | D84: =IFERROR(C84/B84,"") -> 0.94736842
A85: Feb | B85: =COUNTIFS('2026 IB Shipments'!K$1:K$2239,">="&DATE(2026,2,1),'2026 IB Shipments'!K$1:K$2239,"<"&DATE(2026,3,1),'2026 IB Shipments'!P$1:P$2239,"<>") -> 58 | C85: =COUNTIFS('2026 IB Shipments'!K$1:K$2239,">="&DATE(2026,2,1),'2026 IB Shipments'!K$1:K$2239,"<"&DATE(2026,3,1),'2026 IB Shipments'!P$1:P$2239,"Yes") -> 57 | D85: =IFERROR(C85/B85,"") -> 0.98275862
A86: Mar | B86: =COUNTIFS('2026 IB Shipments'!K$1:K$2239,">="&DATE(2026,3,1),'2026 IB Shipments'!K$1:K$2239,"<"&DATE(2026,4,1),'2026 IB Shipments'!P$1:P$2239,"<>") -> 89 | C86: =COUNTIFS('2026 IB Shipments'!K$1:K$2239,">="&DATE(2026,3,1),'2026 IB Shipments'!K$1:K$2239,"<"&DATE(2026,4,1),'2026 IB Shipments'!P$1:P$2239,"Yes") -> 72 | D86: =IFERROR(C86/B86,"") -> 0.80898876
A87: Apr | B87: =COUNTIFS('2026 IB Shipments'!K$1:K$2239,">="&DATE(2026,4,1),'2026 IB Shipments'!K$1:K$2239,"<"&DATE(2026,5,1),'2026 IB Shipments'!P$1:P$2239,"<>") -> 112 | C87: =COUNTIFS('2026 IB Shipments'!K$1:K$2239,">="&DATE(2026,4,1),'2026 IB Shipments'!K$1:K$2239,"<"&DATE(2026,5,1),'2026 IB Shipments'!P$1:P$2239,"Yes") -> 105 | D87: =IFERROR(C87/B87,"") -> 0.9375
A88: May | B88: =COUNTIFS('2026 IB Shipments'!K$1:K$2239,">="&DATE(2026,5,1),'2026 IB Shipments'!K$1:K$2239,"<"&DATE(2026,6,1),'2026 IB Shipments'!P$1:P$2239,"<>") -> 104 | C88: =COUNTIFS('2026 IB Shipments'!K$1:K$2239,">="&DATE(2026,5,1),'2026 IB Shipments'!K$1:K$2239,"<"&DATE(2026,6,1),'2026 IB Shipments'!P$1:P$2239,"Yes") -> 103 | D88: =IFERROR(C88/B88,"") -> 0.99038462
A89: Jun | B89: =COUNTIFS('2026 IB Shipments'!K$1:K$2239,">="&DATE(2026,6,1),'2026 IB Shipments'!K$1:K$2239,"<"&DATE(2026,7,1),'2026 IB Shipments'!P$1:P$2239,"<>") -> 129 | C89: =COUNTIFS('2026 IB Shipments'!K$1:K$2239,">="&DATE(2026,6,1),'2026 IB Shipments'!K$1:K$2239,"<"&DATE(2026,7,1),'2026 IB Shipments'!P$1:P$2239,"Yes") -> 124 | D89: =IFERROR(C89/B89,"") -> 0.96124031
A90: Jul | B90: =COUNTIFS('2026 IB Shipments'!K$1:K$2239,">="&DATE(2026,7,1),'2026 IB Shipments'!K$1:K$2239,"<"&DATE(2026,8,1),'2026 IB Shipments'!P$1:P$2239,"<>") -> 199 | C90: =COUNTIFS('2026 IB Shipments'!K$1:K$2239,">="&DATE(2026,7,1),'2026 IB Shipments'!K$1:K$2239,"<"&DATE(2026,8,1),'2026 IB Shipments'!P$1:P$2239,"Yes") -> 192 | D90: =IFERROR(C90/B90,"") -> 0.96482412
A91: Aug | B91: =COUNTIFS('2026 IB Shipments'!K$1:K$2239,">="&DATE(2026,8,1),'2026 IB Shipments'!K$1:K$2239,"<"&DATE(2026,9,1),'2026 IB Shipments'!P$1:P$2239,"<>") -> 124 | C91: =COUNTIFS('2026 IB Shipments'!K$1:K$2239,">="&DATE(2026,8,1),'2026 IB Shipments'!K$1:K$2239,"<"&DATE(2026,9,1),'2026 IB Shipments'!P$1:P$2239,"Yes") -> 118 | D91: =IFERROR(C91/B91,"") -> 0.9516129
A92: Sep | B92: =COUNTIFS('2026 IB Shipments'!K$1:K$2239,">="&DATE(2026,9,1),'2026 IB Shipments'!K$1:K$2239,"<"&DATE(2026,10,1),'2026 IB Shipments'!P$1:P$2239,"<>") -> 164 | C92: =COUNTIFS('2026 IB Shipments'!K$1:K$2239,">="&DATE(2026,9,1),'2026 IB Shipments'!K$1:K$2239,"<"&DATE(2026,10,1),'2026 IB Shipments'!P$1:P$2239,"Yes") -> 159 | D92: =IFERROR(C92/B92,"") -> 0.9695122
A93: Oct | B93: =COUNTIFS('2026 IB Shipments'!K$1:K$2239,">="&DATE(2026,10,1),'2026 IB Shipments'!K$1:K$2239,"<"&DATE(2026,11,1),'2026 IB Shipments'!P$1:P$2239,"<>") -> 28 | C93: =COUNTIFS('2026 IB Shipments'!K$1:K$2239,">="&DATE(2026,10,1),'2026 IB Shipments'!K$1:K$2239,"<"&DATE(2026,11,1),'2026 IB Shipments'!P$1:P$2239,"Yes") -> 28 | D93: =IFERROR(C93/B93,"") -> 1
A94: Nov | B94: =COUNTIFS('2026 IB Shipments'!K$1:K$2239,">="&DATE(2026,11,1),'2026 IB Shipments'!K$1:K$2239,"<"&DATE(2026,12,1),'2026 IB Shipments'!P$1:P$2239,"<>") -> 0 | C94: =COUNTIFS('2026 IB Shipments'!K$1:K$2239,">="&DATE(2026,11,1),'2026 IB Shipments'!K$1:K$2239,"<"&DATE(2026,12,1),'2026 IB Shipments'!P$1:P$2239,"Yes") -> 0 | D94: =IFERROR(C94/B94,"")
A95: Dec | B95: =COUNTIFS('2026 IB Shipments'!K$1:K$2239,">="&DATE(2026,12,1),'2026 IB Shipments'!K$1:K$2239,"<"&DATE(2026,13,1),'2026 IB Shipments'!P$1:P$2239,"<>") -> 0 | C95: =COUNTIFS('2026 IB Shipments'!K$1:K$2239,">="&DATE(2026,12,1),'2026 IB Shipments'!K$1:K$2239,"<"&DATE(2026,13,1),'2026 IB Shipments'!P$1:P$2239,"Yes") -> 0 | D95: =IFERROR(C95/B95,"")
A96: YTD | B96: =SUM(B84:B95) -> 1045 | C96: =SUM(C84:C95) -> 994 | D96: =IFERROR(C96/B96,"") -> 0.95119617
A99: ESCALATIONS BY MONTH
A101: Month | B101: Escalation Count | C101: Escalation Cost
A102: Jan | B102: =COUNTIFS('2026 IB Shipments'!I$1:I$2239,"Yes",'2026 IB Shipments'!K$1:K$2239,">="&DATE(2026,1,1),'2026 IB Shipments'!K$1:K$2239,"<"&DATE(2026,2,1)) -> 0 | C102: =SUMIFS('2026 IB Shipments'!AB$1:AB$2239,'2026 IB Shipments'!I$1:I$2239,"Yes",'2026 IB Shipments'!K$1:K$2239,">="&DATE(2026,1,1),'2026 IB Shipments'!K$1:K$2239,"<"&DATE(2026,2,1)) -> 0
A103: Feb | B103: =COUNTIFS('2026 IB Shipments'!I$1:I$2239,"Yes",'2026 IB Shipments'!K$1:K$2239,">="&DATE(2026,2,1),'2026 IB Shipments'!K$1:K$2239,"<"&DATE(2026,3,1)) -> 0 | C103: =SUMIFS('2026 IB Shipments'!AB$1:AB$2239,'2026 IB Shipments'!I$1:I$2239,"Yes",'2026 IB Shipments'!K$1:K$2239,">="&DATE(2026,2,1),'2026 IB Shipments'!K$1:K$2239,"<"&DATE(2026,3,1)) -> 0
A104: Mar | B104: =COUNTIFS('2026 IB Shipments'!I$1:I$2239,"Yes",'2026 IB Shipments'!K$1:K$2239,">="&DATE(2026,3,1),'2026 IB Shipments'!K$1:K$2239,"<"&DATE(2026,4,1)) -> 0 | C104: =SUMIFS('2026 IB Shipments'!AB$1:AB$2239,'2026 IB Shipments'!I$1:I$2239,"Yes",'2026 IB Shipments'!K$1:K$2239,">="&DATE(2026,3,1),'2026 IB Shipments'!K$1:K$2239,"<"&DATE(2026,4,1)) -> 0
A105: Apr | B105: =COUNTIFS('2026 IB Shipments'!I$1:I$2239,"Yes",'2026 IB Shipments'!K$1:K$2239,">="&DATE(2026,4,1),'2026 IB Shipments'!K$1:K$2239,"<"&DATE(2026,5,1)) -> 0 | C105: =SUMIFS('2026 IB Shipments'!AB$1:AB$2239,'2026 IB Shipments'!I$1:I$2239,"Yes",'2026 IB Shipments'!K$1:K$2239,">="&DATE(2026,4,1),'2026 IB Shipments'!K$1:K$2239,"<"&DATE(2026,5,1)) -> 0
A106: May | B106: =COUNTIFS('2026 IB Shipments'!I$1:I$2239,"Yes",'2026 IB Shipments'!K$1:K$2239,">="&DATE(2026,5,1),'2026 IB Shipments'!K$1:K$2239,"<"&DATE(2026,6,1)) -> 0 | C106: =SUMIFS('2026 IB Shipments'!AB$1:AB$2239,'2026 IB Shipments'!I$1:I$2239,"Yes",'2026 IB Shipments'!K$1:K$2239,">="&DATE(2026,5,1),'2026 IB Shipments'!K$1:K$2239,"<"&DATE(2026,6,1)) -> 0
A107: Jun | B107: =COUNTIFS('2026 IB Shipments'!I$1:I$2239,"Yes",'2026 IB Shipments'!K$1:K$2239,">="&DATE(2026,6,1),'2026 IB Shipments'!K$1:K$2239,"<"&DATE(2026,7,1)) -> 3 | C107: =SUMIFS('2026 IB Shipments'!AB$1:AB$2239,'2026 IB Shipments'!I$1:I$2239,"Yes",'2026 IB Shipments'!K$1:K$2239,">="&DATE(2026,6,1),'2026 IB Shipments'!K$1:K$2239,"<"&DATE(2026,7,1)) -> 1622.06
A108: Jul | B108: =COUNTIFS('2026 IB Shipments'!I$1:I$2239,"Yes",'2026 IB Shipments'!K$1:K$2239,">="&DATE(2026,7,1),'2026 IB Shipments'!K$1:K$2239,"<"&DATE(2026,8,1)) -> 22 | C108: =SUMIFS('2026 IB Shipments'!AB$1:AB$2239,'2026 IB Shipments'!I$1:I$2239,"Yes",'2026 IB Shipments'!K$1:K$2239,">="&DATE(2026,7,1),'2026 IB Shipments'!K$1:K$2239,"<"&DATE(2026,8,1)) -> 87614.83
A109: Aug | B109: =COUNTIFS('2026 IB Shipments'!I$1:I$2239,"Yes",'2026 IB Shipments'!K$1:K$2239,">="&DATE(2026,8,1),'2026 IB Shipments'!K$1:K$2239,"<"&DATE(2026,9,1)) -> 9 | C109: =SUMIFS('2026 IB Shipments'!AB$1:AB$2239,'2026 IB Shipments'!I$1:I$2239,"Yes",'2026 IB Shipments'!K$1:K$2239,">="&DATE(2026,8,1),'2026 IB Shipments'!K$1:K$2239,"<"&DATE(2026,9,1)) -> 34451.7
A110: Sep | B110: =COUNTIFS('2026 IB Shipments'!I$1:I$2239,"Yes",'2026 IB Shipments'!K$1:K$2239,">="&DATE(2026,9,1),'2026 IB Shipments'!K$1:K$2239,"<"&DATE(2026,10,1)) -> 13 | C110: =SUMIFS('2026 IB Shipments'!AB$1:AB$2239,'2026 IB Shipments'!I$1:I$2239,"Yes",'2026 IB Shipments'!K$1:K$2239,">="&DATE(2026,9,1),'2026 IB Shipments'!K$1:K$2239,"<"&DATE(2026,10,1)) -> 62106.02
A111: Oct | B111: =COUNTIFS('2026 IB Shipments'!I$1:I$2239,"Yes",'2026 IB Shipments'!K$1:K$2239,">="&DATE(2026,10,1),'2026 IB Shipments'!K$1:K$2239,"<"&DATE(2026,11,1)) -> 1 | C111: =SUMIFS('2026 IB Shipments'!AB$1:AB$2239,'2026 IB Shipments'!I$1:I$2239,"Yes",'2026 IB Shipments'!K$1:K$2239,">="&DATE(2026,10,1),'2026 IB Shipments'!K$1:K$2239,"<"&DATE(2026,11,1)) -> 7007
A112: Nov | B112: =COUNTIFS('2026 IB Shipments'!I$1:I$2239,"Yes",'2026 IB Shipments'!K$1:K$2239,">="&DATE(2026,11,1),'2026 IB Shipments'!K$1:K$2239,"<"&DATE(2026,12,1)) -> 0 | C112: =SUMIFS('2026 IB Shipments'!AB$1:AB$2239,'2026 IB Shipments'!I$1:I$2239,"Yes",'2026 IB Shipments'!K$1:K$2239,">="&DATE(2026,11,1),'2026 IB Shipments'!K$1:K$2239,"<"&DATE(2026,12,1)) -> 0
A113: Dec | B113: =COUNTIFS('2026 IB Shipments'!I$1:I$2239,"Yes",'2026 IB Shipments'!K$1:K$2239,">="&DATE(2026,12,1),'2026 IB Shipments'!K$1:K$2239,"<"&DATE(2026,13,1)) -> 0 | C113: =SUMIFS('2026 IB Shipments'!AB$1:AB$2239,'2026 IB Shipments'!I$1:I$2239,"Yes",'2026 IB Shipments'!K$1:K$2239,">="&DATE(2026,12,1),'2026 IB Shipments'!K$1:K$2239,"<"&DATE(2026,13,1)) -> 0
A114: YTD | B114: =SUM(B102:B113) -> 48 | C114: =SUM(C102:C113) -> 192801.61

Sheet _ChartData
A1: Month | B1: Pickup OT % | C1: Delivery OT % | D1: Shipments
A2: Jan 2026 | B2: 0.92105263 | C2: 0.94736842 | D2: 38
A3: Feb 2026 | B3: 1 | C3: 0.98275862 | D3: 58
A4: Mar 2026 | B4: 0.8988764 | C4: 0.80898876 | D4: 89
A5: Apr 2026 | B5: 0.83035714 | C5: 0.95454545 | D5: 112
A6: May 2026 | B6: 0.89423077 | C6: 0.99038462 | D6: 104
A7: Jun 2026 | B7: 0.90697674 | C7: 0.98412698 | D7: 129
A8: Jul 2026 | B8: 0.88383838 | C8: 0.97461929 | D8: 199
A9: Aug 2026 | B9: 0.87096774 | C9: 0.9516129 | D9: 124
A10: Sep 2026 | B10: 0.85443038 | C10: 0.96062992 | D10: 160

Sheet _BarChartData
A1: Carrier | B1: Pickup OT % | C1: Delivery OT %
A2: XPO LOGISTICS | B2: 0.87015504 | C2: 0.94877049
A3: SAIA MOTOR FREIGHT LINE | B3: 0.85365854 | C3: 0.92682927
A4: DAYTON FREIGHT LINES INC | B4: 0.8 | C4: 0.97058824
A5: PITT OHIO EXPRESS, LLC | B5: 0.88571429 | C5: 1
A6: DAYTON FREIGHT LINES, INC | B6: 0.93103448 | C6: 1
A7: SAIA MOTOR FREIGHT LINES | B7: 1 | C7: 1
A8: PITT OHIO EXPRESS LLC | B8: 0.95454545 | C8: 1
A9: PITT OHIO EXPRESS | B9: 0.94736842 | C9: 0.89473684
A10: DAYTON FREIGHT LINES | B10: 0.75 | C10: 0.9375
A11: SAIA MOTOR FREIGHT LINE, LLC | B11: 0.86666667 | C11: 1
A12: DOHRN TRANSFER COMPANY | B12: 0.61538462 | C12: 1
A13: TFORCE FREIGHT, INC | B13: 0.57142857 | C13: 0.71428571
... A16: TFORCE FREIGHT INC | B16: 0.66666667 | C16: 0.33333333
